[    9008ms] TypeError: Cannot read properties of null (reading 'useInsertionEffect')
    at getServerError (webpack-internal:///(pages-dir-browser)/../../node_modules/next/dist/server/dev/node-stack-frames.js:41:37)
    at hydrate/< (webpack-internal:///(pages-dir-browser)/../../node_modules/next/dist/client/index.js:644:27)
    at setTimeout handler*hydrate (webpack-internal:///(pages-dir-browser)/../../node_modules/next/dist/client/index.js:622:27)
    at async*pageBootstrap (webpack-internal:///(pages-dir-browser)/../../node_modules/next/dist/client/page-bootstrap.js:28:26)
    at  (webpack-internal:///(pages-dir-browser)/../../node_modules/next/dist/client/next-dev.js:24:45)
    at promise callback* (webpack-internal:///(pages-dir-browser)/../../node_modules/next/dist/client/next-dev.js:22:4)
    at (pages-dir-browser)/../../node_modules/next/dist/client/next-dev.js (http://localhost:3000/_next/static/chunks/fallback/main.js:314:1)
    at options.factory (http://localhost:3000/_next/static/chunks/fallback/webpack.js:667:31)
    at __webpack_require__ (http://localhost:3000/_next/static/chunks/fallback/webpack.js:29:33)
    at __webpack_exec__ (http://localhost:3000/_next/static/chunks/fallback/main.js:1612:67)
    at  (http://localhost:3000/_next/static/chunks/fallback/main.js:1613:53)
    at webpackJsonpCallback (http://localhost:3000/_next/static/chunks/fallback/webpack.js:1343:46)
    at  (http://localhost:3000/_next/static/chunks/fallback/main.js:9:61)
[    9393ms] [WARNING] [Fast Refresh] performing full reload because your application had an unrecoverable error @ webpack-internal:///(pages-dir-browser)/../../node_modules/next/dist/client/dev/hot-reloader/pages/hot-reloader-pages.js:338
[   10413ms] TypeError: Cannot read properties of null (reading 'useInsertionEffect')
    at getServerError (webpack-internal:///(pages-dir-browser)/../../node_modules/next/dist/server/dev/node-stack-frames.js:41:37)
    at hydrate/< (webpack-internal:///(pages-dir-browser)/../../node_modules/next/dist/client/index.js:644:27)
    at setTimeout handler*hydrate (webpack-internal:///(pages-dir-browser)/../../node_modules/next/dist/client/index.js:622:27)
    at async*pageBootstrap (webpack-internal:///(pages-dir-browser)/../../node_modules/next/dist/client/page-bootstrap.js:28:26)
    at  (webpack-internal:///(pages-dir-browser)/../../node_modules/next/dist/client/next-dev.js:24:45)
    at promise callback* (webpack-internal:///(pages-dir-browser)/../../node_modules/next/dist/client/next-dev.js:22:4)
    at (pages-dir-browser)/../../node_modules/next/dist/client/next-dev.js (http://localhost:3000/_next/static/chunks/fallback/main.js:314:1)
    at options.factory (http://localhost:3000/_next/static/chunks/fallback/webpack.js:667:31)
    at __webpack_require__ (http://localhost:3000/_next/static/chunks/fallback/webpack.js:29:33)
    at __webpack_exec__ (http://localhost:3000/_next/static/chunks/fallback/main.js:1612:67)
    at  (http://localhost:3000/_next/static/chunks/fallback/main.js:1613:53)
    at webpackJsonpCallback (http://localhost:3000/_next/static/chunks/fallback/webpack.js:1343:46)
    at  (http://localhost:3000/_next/static/chunks/fallback/main.js:9:61)
[   10611ms] [WARNING] [Fast Refresh] performing full reload because your application had an unrecoverable error @ webpack-internal:///(pages-dir-browser)/../../node_modules/next/dist/client/dev/hot-reloader/pages/hot-reloader-pages.js:338
[   11515ms] TypeError: Cannot read properties of null (reading 'useInsertionEffect')
    at getServerError (webpack-internal:///(pages-dir-browser)/../../node_modules/next/dist/server/dev/node-stack-frames.js:41:37)
    at hydrate/< (webpack-internal:///(pages-dir-browser)/../../node_modules/next/dist/client/index.js:644:27)
    at setTimeout handler*hydrate (webpack-internal:///(pages-dir-browser)/../../node_modules/next/dist/client/index.js:622:27)
    at async*pageBootstrap (webpack-internal:///(pages-dir-browser)/../../node_modules/next/dist/client/page-bootstrap.js:28:26)
    at  (webpack-internal:///(pages-dir-browser)/../../node_modules/next/dist/client/next-dev.js:24:45)
    at promise callback* (webpack-internal:///(pages-dir-browser)/../../node_modules/next/dist/client/next-dev.js:22:4)
    at (pages-dir-browser)/../../node_modules/next/dist/client/next-dev.js (http://localhost:3000/_next/static/chunks/fallback/main.js:314:1)
    at options.factory (http://localhost:3000/_next/static/chunks/fallback/webpack.js:667:31)
    at __webpack_require__ (http://localhost:3000/_next/static/chunks/fallback/webpack.js:29:33)
    at __webpack_exec__ (http://localhost:3000/_next/static/chunks/fallback/main.js:1612:67)
    at  (http://localhost:3000/_next/static/chunks/fallback/main.js:1613:53)
    at webpackJsonpCallback (http://localhost:3000/_next/static/chunks/fallback/webpack.js:1343:46)
    at  (http://localhost:3000/_next/static/chunks/fallback/main.js:9:61)
[   11550ms] [WARNING] [Fast Refresh] performing full reload because your application had an unrecoverable error @ webpack-internal:///(pages-dir-browser)/../../node_modules/next/dist/client/dev/hot-reloader/pages/hot-reloader-pages.js:338
[   12440ms] TypeError: Cannot read properties of null (reading 'useInsertionEffect')
    at getServerError (webpack-internal:///(pages-dir-browser)/../../node_modules/next/dist/server/dev/node-stack-frames.js:41:37)
    at hydrate/< (webpack-internal:///(pages-dir-browser)/../../node_modules/next/dist/client/index.js:644:27)
    at setTimeout handler*hydrate (webpack-internal:///(pages-dir-browser)/../../node_modules/next/dist/client/index.js:622:27)
    at async*pageBootstrap (webpack-internal:///(pages-dir-browser)/../../node_modules/next/dist/client/page-bootstrap.js:28:26)
    at  (webpack-internal:///(pages-dir-browser)/../../node_modules/next/dist/client/next-dev.js:24:45)
    at promise callback* (webpack-internal:///(pages-dir-browser)/../../node_modules/next/dist/client/next-dev.js:22:4)
    at (pages-dir-browser)/../../node_modules/next/dist/client/next-dev.js (http://localhost:3000/_next/static/chunks/fallback/main.js:314:1)
    at options.factory (http://localhost:3000/_next/static/chunks/fallback/webpack.js:667:31)
    at __webpack_require__ (http://localhost:3000/_next/static/chunks/fallback/webpack.js:29:33)
    at __webpack_exec__ (http://localhost:3000/_next/static/chunks/fallback/main.js:1612:67)
    at  (http://localhost:3000/_next/static/chunks/fallback/main.js:1613:53)
    at webpackJsonpCallback (http://localhost:3000/_next/static/chunks/fallback/webpack.js:1343:46)
    at  (http://localhost:3000/_next/static/chunks/fallback/main.js:9:61)
[   13135ms] TypeError: Cannot read properties of null (reading 'useInsertionEffect')
    at getServerError (webpack-internal:///(pages-dir-browser)/../../node_modules/next/dist/server/dev/node-stack-frames.js:41:37)
    at hydrate/< (webpack-internal:///(pages-dir-browser)/../../node_modules/next/dist/client/index.js:644:27)
    at setTimeout handler*hydrate (webpack-internal:///(pages-dir-browser)/../../node_modules/next/dist/client/index.js:622:27)
    at async*pageBootstrap (webpack-internal:///(pages-dir-browser)/../../node_modules/next/dist/client/page-bootstrap.js:28:26)
    at  (webpack-internal:///(pages-dir-browser)/../../node_modules/next/dist/client/next-dev.js:24:45)
    at promise callback* (webpack-internal:///(pages-dir-browser)/../../node_modules/next/dist/client/next-dev.js:22:4)
    at (pages-dir-browser)/../../node_modules/next/dist/client/next-dev.js (http://localhost:3000/_next/static/chunks/fallback/main.js:314:1)
    at options.factory (http://localhost:3000/_next/static/chunks/fallback/webpack.js:667:31)
    at __webpack_require__ (http://localhost:3000/_next/static/chunks/fallback/webpack.js:29:33)
    at __webpack_exec__ (http://localhost:3000/_next/static/chunks/fallback/main.js:1612:67)
    at  (http://localhost:3000/_next/static/chunks/fallback/main.js:1613:53)
    at webpackJsonpCallback (http://localhost:3000/_next/static/chunks/fallback/webpack.js:1343:46)
    at  (http://localhost:3000/_next/static/chunks/fallback/main.js:9:61)
[   13839ms] TypeError: Cannot read properties of null (reading 'useInsertionEffect')
    at getServerError (webpack-internal:///(pages-dir-browser)/../../node_modules/next/dist/server/dev/node-stack-frames.js:41:37)
    at hydrate/< (webpack-internal:///(pages-dir-browser)/../../node_modules/next/dist/client/index.js:644:27)
    at setTimeout handler*hydrate (webpack-internal:///(pages-dir-browser)/../../node_modules/next/dist/client/index.js:622:27)
    at async*pageBootstrap (webpack-internal:///(pages-dir-browser)/../../node_modules/next/dist/client/page-bootstrap.js:28:26)
    at  (webpack-internal:///(pages-dir-browser)/../../node_modules/next/dist/client/next-dev.js:24:45)
    at promise callback* (webpack-internal:///(pages-dir-browser)/../../node_modules/next/dist/client/next-dev.js:22:4)
    at (pages-dir-browser)/../../node_modules/next/dist/client/next-dev.js (http://localhost:3000/_next/static/chunks/fallback/main.js:314:1)
    at options.factory (http://localhost:3000/_next/static/chunks/fallback/webpack.js:667:31)
    at __webpack_require__ (http://localhost:3000/_next/static/chunks/fallback/webpack.js:29:33)
    at __webpack_exec__ (http://localhost:3000/_next/static/chunks/fallback/main.js:1612:67)
    at  (http://localhost:3000/_next/static/chunks/fallback/main.js:1613:53)
    at webpackJsonpCallback (http://localhost:3000/_next/static/chunks/fallback/webpack.js:1343:46)
    at  (http://localhost:3000/_next/static/chunks/fallback/main.js:9:61)
[   14540ms] TypeError: Cannot read properties of null (reading 'useInsertionEffect')
    at getServerError (webpack-internal:///(pages-dir-browser)/../../node_modules/next/dist/server/dev/node-stack-frames.js:41:37)
    at hydrate/< (webpack-internal:///(pages-dir-browser)/../../node_modules/next/dist/client/index.js:644:27)
    at setTimeout handler*hydrate (webpack-internal:///(pages-dir-browser)/../../node_modules/next/dist/client/index.js:622:27)
    at async*pageBootstrap (webpack-internal:///(pages-dir-browser)/../../node_modules/next/dist/client/page-bootstrap.js:28:26)
    at  (webpack-internal:///(pages-dir-browser)/../../node_modules/next/dist/client/next-dev.js:24:45)
    at promise callback* (webpack-internal:///(pages-dir-browser)/../../node_modules/next/dist/client/next-dev.js:22:4)
    at (pages-dir-browser)/../../node_modules/next/dist/client/next-dev.js (http://localhost:3000/_next/static/chunks/fallback/main.js:314:1)
    at options.factory (http://localhost:3000/_next/static/chunks/fallback/webpack.js:667:31)
    at __webpack_require__ (http://localhost:3000/_next/static/chunks/fallback/webpack.js:29:33)
    at __webpack_exec__ (http://localhost:3000/_next/static/chunks/fallback/main.js:1612:67)
    at  (http://localhost:3000/_next/static/chunks/fallback/main.js:1613:53)
    at webpackJsonpCallback (http://localhost:3000/_next/static/chunks/fallback/webpack.js:1343:46)
    at  (http://localhost:3000/_next/static/chunks/fallback/main.js:9:61)
[   14588ms] [WARNING] [Fast Refresh] performing full reload because your application had an unrecoverable error @ webpack-internal:///(pages-dir-browser)/../../node_modules/next/dist/client/dev/hot-reloader/pages/hot-reloader-pages.js:338
[   15160ms] TypeError: Cannot read properties of null (reading 'useInsertionEffect')
    at getServerError (webpack-internal:///(pages-dir-browser)/../../node_modules/next/dist/server/dev/node-stack-frames.js:41:37)
    at hydrate/< (webpack-internal:///(pages-dir-browser)/../../node_modules/next/dist/client/index.js:644:27)
    at setTimeout handler*hydrate (webpack-internal:///(pages-dir-browser)/../../node_modules/next/dist/client/index.js:622:27)
    at async*pageBootstrap (webpack-internal:///(pages-dir-browser)/../../node_modules/next/dist/client/page-bootstrap.js:28:26)
    at  (webpack-internal:///(pages-dir-browser)/../../node_modules/next/dist/client/next-dev.js:24:45)
    at promise callback* (webpack-internal:///(pages-dir-browser)/../../node_modules/next/dist/client/next-dev.js:22:4)
    at (pages-dir-browser)/../../node_modules/next/dist/client/next-dev.js (http://localhost:3000/_next/static/chunks/fallback/main.js:314:1)
    at options.factory (http://localhost:3000/_next/static/chunks/fallback/webpack.js:667:31)
    at __webpack_require__ (http://localhost:3000/_next/static/chunks/fallback/webpack.js:29:33)
    at __webpack_exec__ (http://localhost:3000/_next/static/chunks/fallback/main.js:1612:67)
    at  (http://localhost:3000/_next/static/chunks/fallback/main.js:1613:53)
    at webpackJsonpCallback (http://localhost:3000/_next/static/chunks/fallback/webpack.js:1343:46)
    at  (http://localhost:3000/_next/static/chunks/fallback/main.js:9:61)
[   15835ms] TypeError: Cannot read properties of null (reading 'useInsertionEffect')
    at getServerError (webpack-internal:///(pages-dir-browser)/../../node_modules/next/dist/server/dev/node-stack-frames.js:41:37)
    at hydrate/< (webpack-internal:///(pages-dir-browser)/../../node_modules/next/dist/client/index.js:644:27)
    at setTimeout handler*hydrate (webpack-internal:///(pages-dir-browser)/../../node_modules/next/dist/client/index.js:622:27)
    at async*pageBootstrap (webpack-internal:///(pages-dir-browser)/../../node_modules/next/dist/client/page-bootstrap.js:28:26)
    at  (webpack-internal:///(pages-dir-browser)/../../node_modules/next/dist/client/next-dev.js:24:45)
    at promise callback* (webpack-internal:///(pages-dir-browser)/../../node_modules/next/dist/client/next-dev.js:22:4)
    at (pages-dir-browser)/../../node_modules/next/dist/client/next-dev.js (http://localhost:3000/_next/static/chunks/fallback/main.js:314:1)
    at options.factory (http://localhost:3000/_next/static/chunks/fallback/webpack.js:667:31)
    at __webpack_require__ (http://localhost:3000/_next/static/chunks/fallback/webpack.js:29:33)
    at __webpack_exec__ (http://localhost:3000/_next/static/chunks/fallback/main.js:1612:67)
    at  (http://localhost:3000/_next/static/chunks/fallback/main.js:1613:53)
    at webpackJsonpCallback (http://localhost:3000/_next/static/chunks/fallback/webpack.js:1343:46)
    at  (http://localhost:3000/_next/static/chunks/fallback/main.js:9:61)
[   15900ms] [WARNING] [Fast Refresh] performing full reload because your application had an unrecoverable error @ webpack-internal:///(pages-dir-browser)/../../node_modules/next/dist/client/dev/hot-reloader/pages/hot-reloader-pages.js:338
[   16836ms] TypeError: Cannot read properties of null (reading 'useInsertionEffect')
    at getServerError (webpack-internal:///(pages-dir-browser)/../../node_modules/next/dist/server/dev/node-stack-frames.js:41:37)
    at hydrate/< (webpack-internal:///(pages-dir-browser)/../../node_modules/next/dist/client/index.js:644:27)
    at setTimeout handler*hydrate (webpack-internal:///(pages-dir-browser)/../../node_modules/next/dist/client/index.js:622:27)
    at async*pageBootstrap (webpack-internal:///(pages-dir-browser)/../../node_modules/next/dist/client/page-bootstrap.js:28:26)
    at  (webpack-internal:///(pages-dir-browser)/../../node_modules/next/dist/client/next-dev.js:24:45)
    at promise callback* (webpack-internal:///(pages-dir-browser)/../../node_modules/next/dist/client/next-dev.js:22:4)
    at (pages-dir-browser)/../../node_modules/next/dist/client/next-dev.js (http://localhost:3000/_next/static/chunks/fallback/main.js:314:1)
    at options.factory (http://localhost:3000/_next/static/chunks/fallback/webpack.js:667:31)
    at __webpack_require__ (http://localhost:3000/_next/static/chunks/fallback/webpack.js:29:33)
    at __webpack_exec__ (http://localhost:3000/_next/static/chunks/fallback/main.js:1612:67)
    at  (http://localhost:3000/_next/static/chunks/fallback/main.js:1613:53)
    at webpackJsonpCallback (http://localhost:3000/_next/static/chunks/fallback/webpack.js:1343:46)
    at  (http://localhost:3000/_next/static/chunks/fallback/main.js:9:61)
[   17611ms] TypeError: Cannot read properties of null (reading 'useInsertionEffect')
    at getServerError (webpack-internal:///(pages-dir-browser)/../../node_modules/next/dist/server/dev/node-stack-frames.js:41:37)
    at hydrate/< (webpack-internal:///(pages-dir-browser)/../../node_modules/next/dist/client/index.js:644:27)
    at setTimeout handler*hydrate (webpack-internal:///(pages-dir-browser)/../../node_modules/next/dist/client/index.js:622:27)
    at async*pageBootstrap (webpack-internal:///(pages-dir-browser)/../../node_modules/next/dist/client/page-bootstrap.js:28:26)
    at  (webpack-internal:///(pages-dir-browser)/../../node_modules/next/dist/client/next-dev.js:24:45)
    at promise callback* (webpack-internal:///(pages-dir-browser)/../../node_modules/next/dist/client/next-dev.js:22:4)
    at (pages-dir-browser)/../../node_modules/next/dist/client/next-dev.js (http://localhost:3000/_next/static/chunks/fallback/main.js:314:1)
    at options.factory (http://localhost:3000/_next/static/chunks/fallback/webpack.js:667:31)
    at __webpack_require__ (http://localhost:3000/_next/static/chunks/fallback/webpack.js:29:33)
    at __webpack_exec__ (http://localhost:3000/_next/static/chunks/fallback/main.js:1612:67)
    at  (http://localhost:3000/_next/static/chunks/fallback/main.js:1613:53)
    at webpackJsonpCallback (http://localhost:3000/_next/static/chunks/fallback/webpack.js:1343:46)
    at  (http://localhost:3000/_next/static/chunks/fallback/main.js:9:61)
[   17648ms] [WARNING] [Fast Refresh] performing full reload because your application had an unrecoverable error @ webpack-internal:///(pages-dir-browser)/../../node_modules/next/dist/client/dev/hot-reloader/pages/hot-reloader-pages.js:338
[   18597ms] TypeError: Cannot read properties of null (reading 'useInsertionEffect')
    at getServerError (webpack-internal:///(pages-dir-browser)/../../node_modules/next/dist/server/dev/node-stack-frames.js:41:37)
    at hydrate/< (webpack-internal:///(pages-dir-browser)/../../node_modules/next/dist/client/index.js:644:27)
    at setTimeout handler*hydrate (webpack-internal:///(pages-dir-browser)/../../node_modules/next/dist/client/index.js:622:27)
    at async*pageBootstrap (webpack-internal:///(pages-dir-browser)/../../node_modules/next/dist/client/page-bootstrap.js:28:26)
    at  (webpack-internal:///(pages-dir-browser)/../../node_modules/next/dist/client/next-dev.js:24:45)
    at promise callback* (webpack-internal:///(pages-dir-browser)/../../node_modules/next/dist/client/next-dev.js:22:4)
    at (pages-dir-browser)/../../node_modules/next/dist/client/next-dev.js (http://localhost:3000/_next/static/chunks/fallback/main.js:314:1)
    at options.factory (http://localhost:3000/_next/static/chunks/fallback/webpack.js:667:31)
    at __webpack_require__ (http://localhost:3000/_next/static/chunks/fallback/webpack.js:29:33)
    at __webpack_exec__ (http://localhost:3000/_next/static/chunks/fallback/main.js:1612:67)
    at  (http://localhost:3000/_next/static/chunks/fallback/main.js:1613:53)
    at webpackJsonpCallback (http://localhost:3000/_next/static/chunks/fallback/webpack.js:1343:46)
    at  (http://localhost:3000/_next/static/chunks/fallback/main.js:9:61)
[   18752ms] [WARNING] [Fast Refresh] performing full reload because your application had an unrecoverable error @ webpack-internal:///(pages-dir-browser)/../../node_modules/next/dist/client/dev/hot-reloader/pages/hot-reloader-pages.js:338
[   19645ms] TypeError: Cannot read properties of null (reading 'useInsertionEffect')
    at getServerError (webpack-internal:///(pages-dir-browser)/../../node_modules/next/dist/server/dev/node-stack-frames.js:41:37)
    at hydrate/< (webpack-internal:///(pages-dir-browser)/../../node_modules/next/dist/client/index.js:644:27)
    at setTimeout handler*hydrate (webpack-internal:///(pages-dir-browser)/../../node_modules/next/dist/client/index.js:622:27)
    at async*pageBootstrap (webpack-internal:///(pages-dir-browser)/../../node_modules/next/dist/client/page-bootstrap.js:28:26)
    at  (webpack-internal:///(pages-dir-browser)/../../node_modules/next/dist/client/next-dev.js:24:45)
    at promise callback* (webpack-internal:///(pages-dir-browser)/../../node_modules/next/dist/client/next-dev.js:22:4)
    at (pages-dir-browser)/../../node_modules/next/dist/client/next-dev.js (http://localhost:3000/_next/static/chunks/fallback/main.js:314:1)
    at options.factory (http://localhost:3000/_next/static/chunks/fallback/webpack.js:667:31)
    at __webpack_require__ (http://localhost:3000/_next/static/chunks/fallback/webpack.js:29:33)
    at __webpack_exec__ (http://localhost:3000/_next/static/chunks/fallback/main.js:1612:67)
    at  (http://localhost:3000/_next/static/chunks/fallback/main.js:1613:53)
    at webpackJsonpCallback (http://localhost:3000/_next/static/chunks/fallback/webpack.js:1343:46)
    at  (http://localhost:3000/_next/static/chunks/fallback/main.js:9:61)
[   19660ms] [WARNING] [Fast Refresh] performing full reload because your application had an unrecoverable error @ webpack-internal:///(pages-dir-browser)/../../node_modules/next/dist/client/dev/hot-reloader/pages/hot-reloader-pages.js:338
[   20236ms] TypeError: Cannot read properties of null (reading 'useInsertionEffect')
    at getServerError (webpack-internal:///(pages-dir-browser)/../../node_modules/next/dist/server/dev/node-stack-frames.js:41:37)
    at hydrate/< (webpack-internal:///(pages-dir-browser)/../../node_modules/next/dist/client/index.js:644:27)
    at setTimeout handler*hydrate (webpack-internal:///(pages-dir-browser)/../../node_modules/next/dist/client/index.js:622:27)
    at async*pageBootstrap (webpack-internal:///(pages-dir-browser)/../../node_modules/next/dist/client/page-bootstrap.js:28:26)
    at  (webpack-internal:///(pages-dir-browser)/../../node_modules/next/dist/client/next-dev.js:24:45)
    at promise callback* (webpack-internal:///(pages-dir-browser)/../../node_modules/next/dist/client/next-dev.js:22:4)
    at (pages-dir-browser)/../../node_modules/next/dist/client/next-dev.js (http://localhost:3000/_next/static/chunks/fallback/main.js:314:1)
    at options.factory (http://localhost:3000/_next/static/chunks/fallback/webpack.js:667:31)
    at __webpack_require__ (http://localhost:3000/_next/static/chunks/fallback/webpack.js:29:33)
    at __webpack_exec__ (http://localhost:3000/_next/static/chunks/fallback/main.js:1612:67)
    at  (http://localhost:3000/_next/static/chunks/fallback/main.js:1613:53)
    at webpackJsonpCallback (http://localhost:3000/_next/static/chunks/fallback/webpack.js:1343:46)
    at  (http://localhost:3000/_next/static/chunks/fallback/main.js:9:61)
[   20281ms] [WARNING] [Fast Refresh] performing full reload because your application had an unrecoverable error @ webpack-internal:///(pages-dir-browser)/../../node_modules/next/dist/client/dev/hot-reloader/pages/hot-reloader-pages.js:338
[   21657ms] TypeError: Cannot read properties of null (reading 'useInsertionEffect')
    at getServerError (webpack-internal:///(pages-dir-browser)/../../node_modules/next/dist/server/dev/node-stack-frames.js:41:37)
    at hydrate/< (webpack-internal:///(pages-dir-browser)/../../node_modules/next/dist/client/index.js:644:27)
    at setTimeout handler*hydrate (webpack-internal:///(pages-dir-browser)/../../node_modules/next/dist/client/index.js:622:27)
    at async*pageBootstrap (webpack-internal:///(pages-dir-browser)/../../node_modules/next/dist/client/page-bootstrap.js:28:26)
    at  (webpack-internal:///(pages-dir-browser)/../../node_modules/next/dist/client/next-dev.js:24:45)
    at promise callback* (webpack-internal:///(pages-dir-browser)/../../node_modules/next/dist/client/next-dev.js:22:4)
    at (pages-dir-browser)/../../node_modules/next/dist/client/next-dev.js (http://localhost:3000/_next/static/chunks/fallback/main.js:314:1)
    at options.factory (http://localhost:3000/_next/static/chunks/fallback/webpack.js:667:31)
    at __webpack_require__ (http://localhost:3000/_next/static/chunks/fallback/webpack.js:29:33)
    at __webpack_exec__ (http://localhost:3000/_next/static/chunks/fallback/main.js:1612:67)
    at  (http://localhost:3000/_next/static/chunks/fallback/main.js:1613:53)
    at webpackJsonpCallback (http://localhost:3000/_next/static/chunks/fallback/webpack.js:1343:46)
    at  (http://localhost:3000/_next/static/chunks/fallback/main.js:9:61)
[   22335ms] TypeError: Cannot read properties of null (reading 'useInsertionEffect')
    at getServerError (webpack-internal:///(pages-dir-browser)/../../node_modules/next/dist/server/dev/node-stack-frames.js:41:37)
    at hydrate/< (webpack-internal:///(pages-dir-browser)/../../node_modules/next/dist/client/index.js:644:27)
    at setTimeout handler*hydrate (webpack-internal:///(pages-dir-browser)/../../node_modules/next/dist/client/index.js:622:27)
    at async*pageBootstrap (webpack-internal:///(pages-dir-browser)/../../node_modules/next/dist/client/page-bootstrap.js:28:26)
    at  (webpack-internal:///(pages-dir-browser)/../../node_modules/next/dist/client/next-dev.js:24:45)
    at promise callback* (webpack-internal:///(pages-dir-browser)/../../node_modules/next/dist/client/next-dev.js:22:4)
    at (pages-dir-browser)/../../node_modules/next/dist/client/next-dev.js (http://localhost:3000/_next/static/chunks/fallback/main.js:314:1)
    at options.factory (http://localhost:3000/_next/static/chunks/fallback/webpack.js:667:31)
    at __webpack_require__ (http://localhost:3000/_next/static/chunks/fallback/webpack.js:29:33)
    at __webpack_exec__ (http://localhost:3000/_next/static/chunks/fallback/main.js:1612:67)
    at  (http://localhost:3000/_next/static/chunks/fallback/main.js:1613:53)
    at webpackJsonpCallback (http://localhost:3000/_next/static/chunks/fallback/webpack.js:1343:46)
    at  (http://localhost:3000/_next/static/chunks/fallback/main.js:9:61)
[   22370ms] [WARNING] [Fast Refresh] performing full reload because your application had an unrecoverable error @ webpack-internal:///(pages-dir-browser)/../../node_modules/next/dist/client/dev/hot-reloader/pages/hot-reloader-pages.js:338
[   23327ms] TypeError: Cannot read properties of null (reading 'useInsertionEffect')
    at getServerError (webpack-internal:///(pages-dir-browser)/../../node_modules/next/dist/server/dev/node-stack-frames.js:41:37)
    at hydrate/< (webpack-internal:///(pages-dir-browser)/../../node_modules/next/dist/client/index.js:644:27)
    at setTimeout handler*hydrate (webpack-internal:///(pages-dir-browser)/../../node_modules/next/dist/client/index.js:622:27)
    at async*pageBootstrap (webpack-internal:///(pages-dir-browser)/../../node_modules/next/dist/client/page-bootstrap.js:28:26)
    at  (webpack-internal:///(pages-dir-browser)/../../node_modules/next/dist/client/next-dev.js:24:45)
    at promise callback* (webpack-internal:///(pages-dir-browser)/../../node_modules/next/dist/client/next-dev.js:22:4)
    at (pages-dir-browser)/../../node_modules/next/dist/client/next-dev.js (http://localhost:3000/_next/static/chunks/fallback/main.js:314:1)
    at options.factory (http://localhost:3000/_next/static/chunks/fallback/webpack.js:667:31)
    at __webpack_require__ (http://localhost:3000/_next/static/chunks/fallback/webpack.js:29:33)
    at __webpack_exec__ (http://localhost:3000/_next/static/chunks/fallback/main.js:1612:67)
    at  (http://localhost:3000/_next/static/chunks/fallback/main.js:1613:53)
    at webpackJsonpCallback (http://localhost:3000/_next/static/chunks/fallback/webpack.js:1343:46)
    at  (http://localhost:3000/_next/static/chunks/fallback/main.js:9:61)
[   23493ms] [WARNING] [Fast Refresh] performing full reload

Fast Refresh will perform a full reload when you edit a file that's imported by modules outside of the React rendering tree.
You might have a file which exports a React component but also exports a value that is imported by a non-React component file.
Consider migrating the non-React component export to a separate file and importing it into both files.

It is also possible the parent component of the component you edited is a class component, which disables Fast Refresh.
Fast Refresh requires at least one parent function component in your React tree. @ webpack-internal:///(pages-dir-browser)/../../node_modules/next/dist/client/dev/hot-reloader/pages/hot-reloader-pages.js:336
[   24261ms] TypeError: Cannot read properties of null (reading 'useInsertionEffect')
    at getServerError (webpack-internal:///(pages-dir-browser)/../../node_modules/next/dist/server/dev/node-stack-frames.js:41:37)
    at hydrate/< (webpack-internal:///(pages-dir-browser)/../../node_modules/next/dist/client/index.js:644:27)
    at setTimeout handler*hydrate (webpack-internal:///(pages-dir-browser)/../../node_modules/next/dist/client/index.js:622:27)
    at async*pageBootstrap (webpack-internal:///(pages-dir-browser)/../../node_modules/next/dist/client/page-bootstrap.js:28:26)
    at  (webpack-internal:///(pages-dir-browser)/../../node_modules/next/dist/client/next-dev.js:24:45)
    at promise callback* (webpack-internal:///(pages-dir-browser)/../../node_modules/next/dist/client/next-dev.js:22:4)
    at (pages-dir-browser)/../../node_modules/next/dist/client/next-dev.js (http://localhost:3000/_next/static/chunks/fallback/main.js:314:1)
    at options.factory (http://localhost:3000/_next/static/chunks/fallback/webpack.js:667:31)
    at __webpack_require__ (http://localhost:3000/_next/static/chunks/fallback/webpack.js:29:33)
    at __webpack_exec__ (http://localhost:3000/_next/static/chunks/fallback/main.js:1612:67)
    at  (http://localhost:3000/_next/static/chunks/fallback/main.js:1613:53)
    at webpackJsonpCallback (http://localhost:3000/_next/static/chunks/fallback/webpack.js:1343:46)
    at  (http://localhost:3000/_next/static/chunks/fallback/main.js:9:61)
[   24349ms] [WARNING] [Fast Refresh] performing full reload

Fast Refresh will perform a full reload when you edit a file that's imported by modules outside of the React rendering tree.
You might have a file which exports a React component but also exports a value that is imported by a non-React component file.
Consider migrating the non-React component export to a separate file and importing it into both files.

It is also possible the parent component of the component you edited is a class component, which disables Fast Refresh.
Fast Refresh requires at least one parent function component in your React tree. @ webpack-internal:///(pages-dir-browser)/../../node_modules/next/dist/client/dev/hot-reloader/pages/hot-reloader-pages.js:336
[   24920ms] TypeError: Cannot read properties of null (reading 'useInsertionEffect')
    at getServerError (webpack-internal:///(pages-dir-browser)/../../node_modules/next/dist/server/dev/node-stack-frames.js:41:37)
    at hydrate/< (webpack-internal:///(pages-dir-browser)/../../node_modules/next/dist/client/index.js:644:27)
    at setTimeout handler*hydrate (webpack-internal:///(pages-dir-browser)/../../node_modules/next/dist/client/index.js:622:27)
    at async*pageBootstrap (webpack-internal:///(pages-dir-browser)/../../node_modules/next/dist/client/page-bootstrap.js:28:26)
    at  (webpack-internal:///(pages-dir-browser)/../../node_modules/next/dist/client/next-dev.js:24:45)
    at promise callback* (webpack-internal:///(pages-dir-browser)/../../node_modules/next/dist/client/next-dev.js:22:4)
    at (pages-dir-browser)/../../node_modules/next/dist/client/next-dev.js (http://localhost:3000/_next/static/chunks/fallback/main.js:314:1)
    at options.factory (http://localhost:3000/_next/static/chunks/fallback/webpack.js:667:31)
    at __webpack_require__ (http://localhost:3000/_next/static/chunks/fallback/webpack.js:29:33)
    at __webpack_exec__ (http://localhost:3000/_next/static/chunks/fallback/main.js:1612:67)
    at  (http://localhost:3000/_next/static/chunks/fallback/main.js:1613:53)
    at webpackJsonpCallback (http://localhost:3000/_next/static/chunks/fallback/webpack.js:1343:46)
    at  (http://localhost:3000/_next/static/chunks/fallback/main.js:9:61)
[   25094ms] [WARNING] [Fast Refresh] performing full reload

Fast Refresh will perform a full reload when you edit a file that's imported by modules outside of the React rendering tree.
You might have a file which exports a React component but also exports a value that is imported by a non-React component file.
Consider migrating the non-React component export to a separate file and importing it into both files.

It is also possible the parent component of the component you edited is a class component, which disables Fast Refresh.
Fast Refresh requires at least one parent function component in your React tree. @ webpack-internal:///(pages-dir-browser)/../../node_modules/next/dist/client/dev/hot-reloader/pages/hot-reloader-pages.js:336
[   25800ms] TypeError: Cannot read properties of null (reading 'useInsertionEffect')
    at getServerError (webpack-internal:///(pages-dir-browser)/../../node_modules/next/dist/server/dev/node-stack-frames.js:41:37)
    at hydrate/< (webpack-internal:///(pages-dir-browser)/../../node_modules/next/dist/client/index.js:644:27)
    at setTimeout handler*hydrate (webpack-internal:///(pages-dir-browser)/../../node_modules/next/dist/client/index.js:622:27)
    at async*pageBootstrap (webpack-internal:///(pages-dir-browser)/../../node_modules/next/dist/client/page-bootstrap.js:28:26)
    at  (webpack-internal:///(pages-dir-browser)/../../node_modules/next/dist/client/next-dev.js:24:45)
    at promise callback* (webpack-internal:///(pages-dir-browser)/../../node_modules/next/dist/client/next-dev.js:22:4)
    at (pages-dir-browser)/../../node_modules/next/dist/client/next-dev.js (http://localhost:3000/_next/static/chunks/fallback/main.js:314:1)
    at options.factory (http://localhost:3000/_next/static/chunks/fallback/webpack.js:667:31)
    at __webpack_require__ (http://localhost:3000/_next/static/chunks/fallback/webpack.js:29:33)
    at __webpack_exec__ (http://localhost:3000/_next/static/chunks/fallback/main.js:1612:67)
    at  (http://localhost:3000/_next/static/chunks/fallback/main.js:1613:53)
    at webpackJsonpCallback (http://localhost:3000/_next/static/chunks/fallback/webpack.js:1343:46)
    at  (http://localhost:3000/_next/static/chunks/fallback/main.js:9:61)
[   26561ms] TypeError: Cannot read properties of null (reading 'useInsertionEffect')
    at getServerError (webpack-internal:///(pages-dir-browser)/../../node_modules/next/dist/server/dev/node-stack-frames.js:41:37)
    at hydrate/< (webpack-internal:///(pages-dir-browser)/../../node_modules/next/dist/client/index.js:644:27)
    at setTimeout handler*hydrate (webpack-internal:///(pages-dir-browser)/../../node_modules/next/dist/client/index.js:622:27)
    at async*pageBootstrap (webpack-internal:///(pages-dir-browser)/../../node_modules/next/dist/client/page-bootstrap.js:28:26)
    at  (webpack-internal:///(pages-dir-browser)/../../node_modules/next/dist/client/next-dev.js:24:45)
    at promise callback* (webpack-internal:///(pages-dir-browser)/../../node_modules/next/dist/client/next-dev.js:22:4)
    at (pages-dir-browser)/../../node_modules/next/dist/client/next-dev.js (http://localhost:3000/_next/static/chunks/fallback/main.js:314:1)
    at options.factory (http://localhost:3000/_next/static/chunks/fallback/webpack.js:667:31)
    at __webpack_require__ (http://localhost:3000/_next/static/chunks/fallback/webpack.js:29:33)
    at __webpack_exec__ (http://localhost:3000/_next/static/chunks/fallback/main.js:1612:67)
    at  (http://localhost:3000/_next/static/chunks/fallback/main.js:1613:53)
    at webpackJsonpCallback (http://localhost:3000/_next/static/chunks/fallback/webpack.js:1343:46)
    at  (http://localhost:3000/_next/static/chunks/fallback/main.js:9:61)
[   27311ms] TypeError: Cannot read properties of null (reading 'useInsertionEffect')
    at getServerError (webpack-internal:///(pages-dir-browser)/../../node_modules/next/dist/server/dev/node-stack-frames.js:41:37)
    at hydrate/< (webpack-internal:///(pages-dir-browser)/../../node_modules/next/dist/client/index.js:644:27)
    at setTimeout handler*hydrate (webpack-internal:///(pages-dir-browser)/../../node_modules/next/dist/client/index.js:622:27)
    at async*pageBootstrap (webpack-internal:///(pages-dir-browser)/../../node_modules/next/dist/client/page-bootstrap.js:28:26)
    at  (webpack-internal:///(pages-dir-browser)/../../node_modules/next/dist/client/next-dev.js:24:45)
    at promise callback* (webpack-internal:///(pages-dir-browser)/../../node_modules/next/dist/client/next-dev.js:22:4)
    at (pages-dir-browser)/../../node_modules/next/dist/client/next-dev.js (http://localhost:3000/_next/static/chunks/fallback/main.js:314:1)
    at options.factory (http://localhost:3000/_next/static/chunks/fallback/webpack.js:667:31)
    at __webpack_require__ (http://localhost:3000/_next/static/chunks/fallback/webpack.js:29:33)
    at __webpack_exec__ (http://localhost:3000/_next/static/chunks/fallback/main.js:1612:67)
    at  (http://localhost:3000/_next/static/chunks/fallback/main.js:1613:53)
    at webpackJsonpCallback (http://localhost:3000/_next/static/chunks/fallback/webpack.js:1343:46)
    at  (http://localhost:3000/_next/static/chunks/fallback/main.js:9:61)
[   28055ms] TypeError: Cannot read properties of null (reading 'useInsertionEffect')
    at getServerError (webpack-internal:///(pages-dir-browser)/../../node_modules/next/dist/server/dev/node-stack-frames.js:41:37)
    at hydrate/< (webpack-internal:///(pages-dir-browser)/../../node_modules/next/dist/client/index.js:644:27)
    at setTimeout handler*hydrate (webpack-internal:///(pages-dir-browser)/../../node_modules/next/dist/client/index.js:622:27)
    at async*pageBootstrap (webpack-internal:///(pages-dir-browser)/../../node_modules/next/dist/client/page-bootstrap.js:28:26)
    at  (webpack-internal:///(pages-dir-browser)/../../node_modules/next/dist/client/next-dev.js:24:45)
    at promise callback* (webpack-internal:///(pages-dir-browser)/../../node_modules/next/dist/client/next-dev.js:22:4)
    at (pages-dir-browser)/../../node_modules/next/dist/client/next-dev.js (http://localhost:3000/_next/static/chunks/fallback/main.js:314:1)
    at options.factory (http://localhost:3000/_next/static/chunks/fallback/webpack.js:667:31)
    at __webpack_require__ (http://localhost:3000/_next/static/chunks/fallback/webpack.js:29:33)
    at __webpack_exec__ (http://localhost:3000/_next/static/chunks/fallback/main.js:1612:67)
    at  (http://localhost:3000/_next/static/chunks/fallback/main.js:1613:53)
    at webpackJsonpCallback (http://localhost:3000/_next/static/chunks/fallback/webpack.js:1343:46)
    at  (http://localhost:3000/_next/static/chunks/fallback/main.js:9:61)
[   28279ms] [WARNING] [Fast Refresh] performing full reload

Fast Refresh will perform a full reload when you edit a file that's imported by modules outside of the React rendering tree.
You might have a file which exports a React component but also exports a value that is imported by a non-React component file.
Consider migrating the non-React component export to a separate file and importing it into both files.

It is also possible the parent component of the component you edited is a class component, which disables Fast Refresh.
Fast Refresh requires at least one parent function component in your React tree. @ webpack-internal:///(pages-dir-browser)/../../node_modules/next/dist/client/dev/hot-reloader/pages/hot-reloader-pages.js:336
[   29801ms] TypeError: Cannot read properties of null (reading 'useInsertionEffect')
    at getServerError (webpack-internal:///(pages-dir-browser)/../../node_modules/next/dist/server/dev/node-stack-frames.js:41:37)
    at hydrate/< (webpack-internal:///(pages-dir-browser)/../../node_modules/next/dist/client/index.js:644:27)
    at setTimeout handler*hydrate (webpack-internal:///(pages-dir-browser)/../../node_modules/next/dist/client/index.js:622:27)
    at async*pageBootstrap (webpack-internal:///(pages-dir-browser)/../../node_modules/next/dist/client/page-bootstrap.js:28:26)
    at  (webpack-internal:///(pages-dir-browser)/../../node_modules/next/dist/client/next-dev.js:24:45)
    at promise callback* (webpack-internal:///(pages-dir-browser)/../../node_modules/next/dist/client/next-dev.js:22:4)
    at (pages-dir-browser)/../../node_modules/next/dist/client/next-dev.js (http://localhost:3000/_next/static/chunks/fallback/main.js:314:1)
    at options.factory (http://localhost:3000/_next/static/chunks/fallback/webpack.js:667:31)
    at __webpack_require__ (http://localhost:3000/_next/static/chunks/fallback/webpack.js:29:33)
    at __webpack_exec__ (http://localhost:3000/_next/static/chunks/fallback/main.js:1612:67)
    at  (http://localhost:3000/_next/static/chunks/fallback/main.js:1613:53)
    at webpackJsonpCallback (http://localhost:3000/_next/static/chunks/fallback/webpack.js:1343:46)
    at  (http://localhost:3000/_next/static/chunks/fallback/main.js:9:61)
[   30019ms] [WARNING] [Fast Refresh] performing full reload

Fast Refresh will perform a full reload when you edit a file that's imported by modules outside of the React rendering tree.
You might have a file which exports a React component but also exports a value that is imported by a non-React component file.
Consider migrating the non-React component export to a separate file and importing it into both files.

It is also possible the parent component of the component you edited is a class component, which disables Fast Refresh.
Fast Refresh requires at least one parent function component in your React tree. @ webpack-internal:///(pages-dir-browser)/../../node_modules/next/dist/client/dev/hot-reloader/pages/hot-reloader-pages.js:336
[   31067ms] TypeError: Cannot read properties of null (reading 'useInsertionEffect')
    at getServerError (webpack-internal:///(pages-dir-browser)/../../node_modules/next/dist/server/dev/node-stack-frames.js:41:37)
    at hydrate/< (webpack-internal:///(pages-dir-browser)/../../node_modules/next/dist/client/index.js:644:27)
    at setTimeout handler*hydrate (webpack-internal:///(pages-dir-browser)/../../node_modules/next/dist/client/index.js:622:27)
    at async*pageBootstrap (webpack-internal:///(pages-dir-browser)/../../node_modules/next/dist/client/page-bootstrap.js:28:26)
    at  (webpack-internal:///(pages-dir-browser)/../../node_modules/next/dist/client/next-dev.js:24:45)
    at promise callback* (webpack-internal:///(pages-dir-browser)/../../node_modules/next/dist/client/next-dev.js:22:4)
    at (pages-dir-browser)/../../node_modules/next/dist/client/next-dev.js (http://localhost:3000/_next/static/chunks/fallback/main.js:314:1)
    at options.factory (http://localhost:3000/_next/static/chunks/fallback/webpack.js:667:31)
    at __webpack_require__ (http://localhost:3000/_next/static/chunks/fallback/webpack.js:29:33)
    at __webpack_exec__ (http://localhost:3000/_next/static/chunks/fallback/main.js:1612:67)
    at  (http://localhost:3000/_next/static/chunks/fallback/main.js:1613:53)
    at webpackJsonpCallback (http://localhost:3000/_next/static/chunks/fallback/webpack.js:1343:46)
    at  (http://localhost:3000/_next/static/chunks/fallback/main.js:9:61)
[   31916ms] TypeError: Cannot read properties of null (reading 'useInsertionEffect')
    at getServerError (webpack-internal:///(pages-dir-browser)/../../node_modules/next/dist/server/dev/node-stack-frames.js:41:37)
    at hydrate/< (webpack-internal:///(pages-dir-browser)/../../node_modules/next/dist/client/index.js:644:27)
    at setTimeout handler*hydrate (webpack-internal:///(pages-dir-browser)/../../node_modules/next/dist/client/index.js:622:27)
    at async*pageBootstrap (webpack-internal:///(pages-dir-browser)/../../node_modules/next/dist/client/page-bootstrap.js:28:26)
    at  (webpack-internal:///(pages-dir-browser)/../../node_modules/next/dist/client/next-dev.js:24:45)
    at promise callback* (webpack-internal:///(pages-dir-browser)/../../node_modules/next/dist/client/next-dev.js:22:4)
    at (pages-dir-browser)/../../node_modules/next/dist/client/next-dev.js (http://localhost:3000/_next/static/chunks/fallback/main.js:314:1)
    at options.factory (http://localhost:3000/_next/static/chunks/fallback/webpack.js:667:31)
    at __webpack_require__ (http://localhost:3000/_next/static/chunks/fallback/webpack.js:29:33)
    at __webpack_exec__ (http://localhost:3000/_next/static/chunks/fallback/main.js:1612:67)
    at  (http://localhost:3000/_next/static/chunks/fallback/main.js:1613:53)
    at webpackJsonpCallback (http://localhost:3000/_next/static/chunks/fallback/webpack.js:1343:46)
    at  (http://localhost:3000/_next/static/chunks/fallback/main.js:9:61)
[   32811ms] TypeError: Cannot read properties of null (reading 'useInsertionEffect')
    at getServerError (webpack-internal:///(pages-dir-browser)/../../node_modules/next/dist/server/dev/node-stack-frames.js:41:37)
    at hydrate/< (webpack-internal:///(pages-dir-browser)/../../node_modules/next/dist/client/index.js:644:27)
    at setTimeout handler*hydrate (webpack-internal:///(pages-dir-browser)/../../node_modules/next/dist/client/index.js:622:27)
    at async*pageBootstrap (webpack-internal:///(pages-dir-browser)/../../node_modules/next/dist/client/page-bootstrap.js:28:26)
    at  (webpack-internal:///(pages-dir-browser)/../../node_modules/next/dist/client/next-dev.js:24:45)
    at promise callback* (webpack-internal:///(pages-dir-browser)/../../node_modules/next/dist/client/next-dev.js:22:4)
    at (pages-dir-browser)/../../node_modules/next/dist/client/next-dev.js (http://localhost:3000/_next/static/chunks/fallback/main.js:314:1)
    at options.factory (http://localhost:3000/_next/static/chunks/fallback/webpack.js:667:31)
    at __webpack_require__ (http://localhost:3000/_next/static/chunks/fallback/webpack.js:29:33)
    at __webpack_exec__ (http://localhost:3000/_next/static/chunks/fallback/main.js:1612:67)
    at  (http://localhost:3000/_next/static/chunks/fallback/main.js:1613:53)
    at webpackJsonpCallback (http://localhost:3000/_next/static/chunks/fallback/webpack.js:1343:46)
    at  (http://localhost:3000/_next/static/chunks/fallback/main.js:9:61)
[   33004ms] [WARNING] [Fast Refresh] performing full reload

Fast Refresh will perform a full reload when you edit a file that's imported by modules outside of the React rendering tree.
You might have a file which exports a React component but also exports a value that is imported by a non-React component file.
Consider migrating the non-React component export to a separate file and importing it into both files.

It is also possible the parent component of the component you edited is a class component, which disables Fast Refresh.
Fast Refresh requires at least one parent function component in your React tree. @ webpack-internal:///(pages-dir-browser)/../../node_modules/next/dist/client/dev/hot-reloader/pages/hot-reloader-pages.js:336
[   34264ms] TypeError: Cannot read properties of null (reading 'useInsertionEffect')
    at getServerError (webpack-internal:///(pages-dir-browser)/../../node_modules/next/dist/server/dev/node-stack-frames.js:41:37)
    at hydrate/< (webpack-internal:///(pages-dir-browser)/../../node_modules/next/dist/client/index.js:644:27)
    at setTimeout handler*hydrate (webpack-internal:///(pages-dir-browser)/../../node_modules/next/dist/client/index.js:622:27)
    at async*pageBootstrap (webpack-internal:///(pages-dir-browser)/../../node_modules/next/dist/client/page-bootstrap.js:28:26)
    at  (webpack-internal:///(pages-dir-browser)/../../node_modules/next/dist/client/next-dev.js:24:45)
    at promise callback* (webpack-internal:///(pages-dir-browser)/../../node_modules/next/dist/client/next-dev.js:22:4)
    at (pages-dir-browser)/../../node_modules/next/dist/client/next-dev.js (http://localhost:3000/_next/static/chunks/fallback/main.js:314:1)
    at options.factory (http://localhost:3000/_next/static/chunks/fallback/webpack.js:667:31)
    at __webpack_require__ (http://localhost:3000/_next/static/chunks/fallback/webpack.js:29:33)
    at __webpack_exec__ (http://localhost:3000/_next/static/chunks/fallback/main.js:1612:67)
    at  (http://localhost:3000/_next/static/chunks/fallback/main.js:1613:53)
    at webpackJsonpCallback (http://localhost:3000/_next/static/chunks/fallback/webpack.js:1343:46)
    at  (http://localhost:3000/_next/static/chunks/fallback/main.js:9:61)
[   34982ms] TypeError: Cannot read properties of null (reading 'useInsertionEffect')
    at getServerError (webpack-internal:///(pages-dir-browser)/../../node_modules/next/dist/server/dev/node-stack-frames.js:41:37)
    at hydrate/< (webpack-internal:///(pages-dir-browser)/../../node_modules/next/dist/client/index.js:644:27)
    at setTimeout handler*hydrate (webpack-internal:///(pages-dir-browser)/../../node_modules/next/dist/client/index.js:622:27)
    at async*pageBootstrap (webpack-internal:///(pages-dir-browser)/../../node_modules/next/dist/client/page-bootstrap.js:28:26)
    at  (webpack-internal:///(pages-dir-browser)/../../node_modules/next/dist/client/next-dev.js:24:45)
    at promise callback* (webpack-internal:///(pages-dir-browser)/../../node_modules/next/dist/client/next-dev.js:22:4)
    at (pages-dir-browser)/../../node_modules/next/dist/client/next-dev.js (http://localhost:3000/_next/static/chunks/fallback/main.js:314:1)
    at options.factory (http://localhost:3000/_next/static/chunks/fallback/webpack.js:667:31)
    at __webpack_require__ (http://localhost:3000/_next/static/chunks/fallback/webpack.js:29:33)
    at __webpack_exec__ (http://localhost:3000/_next/static/chunks/fallback/main.js:1612:67)
    at  (http://localhost:3000/_next/static/chunks/fallback/main.js:1613:53)
    at webpackJsonpCallback (http://localhost:3000/_next/static/chunks/fallback/webpack.js:1343:46)
    at  (http://localhost:3000/_next/static/chunks/fallback/main.js:9:61)
[   35179ms] [WARNING] [Fast Refresh] performing full reload because your application had an unrecoverable error @ webpack-internal:///(pages-dir-browser)/../../node_modules/next/dist/client/dev/hot-reloader/pages/hot-reloader-pages.js:338
[   36449ms] TypeError: Cannot read properties of null (reading 'useInsertionEffect')
    at getServerError (webpack-internal:///(pages-dir-browser)/../../node_modules/next/dist/server/dev/node-stack-frames.js:41:37)
    at hydrate/< (webpack-internal:///(pages-dir-browser)/../../node_modules/next/dist/client/index.js:644:27)
    at setTimeout handler*hydrate (webpack-internal:///(pages-dir-browser)/../../node_modules/next/dist/client/index.js:622:27)
    at async*pageBootstrap (webpack-internal:///(pages-dir-browser)/../../node_modules/next/dist/client/page-bootstrap.js:28:26)
    at  (webpack-internal:///(pages-dir-browser)/../../node_modules/next/dist/client/next-dev.js:24:45)
    at promise callback* (webpack-internal:///(pages-dir-browser)/../../node_modules/next/dist/client/next-dev.js:22:4)
    at (pages-dir-browser)/../../node_modules/next/dist/client/next-dev.js (http://localhost:3000/_next/static/chunks/fallback/main.js:314:1)
    at options.factory (http://localhost:3000/_next/static/chunks/fallback/webpack.js:667:31)
    at __webpack_require__ (http://localhost:3000/_next/static/chunks/fallback/webpack.js:29:33)
    at __webpack_exec__ (http://localhost:3000/_next/static/chunks/fallback/main.js:1612:67)
    at  (http://localhost:3000/_next/static/chunks/fallback/main.js:1613:53)
    at webpackJsonpCallback (http://localhost:3000/_next/static/chunks/fallback/webpack.js:1343:46)
    at  (http://localhost:3000/_next/static/chunks/fallback/main.js:9:61)
[   37316ms] TypeError: Cannot read properties of null (reading 'useInsertionEffect')
    at getServerError (webpack-internal:///(pages-dir-browser)/../../node_modules/next/dist/server/dev/node-stack-frames.js:41:37)
    at hydrate/< (webpack-internal:///(pages-dir-browser)/../../node_modules/next/dist/client/index.js:644:27)
    at setTimeout handler*hydrate (webpack-internal:///(pages-dir-browser)/../../node_modules/next/dist/client/index.js:622:27)
    at async*pageBootstrap (webpack-internal:///(pages-dir-browser)/../../node_modules/next/dist/client/page-bootstrap.js:28:26)
    at  (webpack-internal:///(pages-dir-browser)/../../node_modules/next/dist/client/next-dev.js:24:45)
    at promise callback* (webpack-internal:///(pages-dir-browser)/../../node_modules/next/dist/client/next-dev.js:22:4)
    at (pages-dir-browser)/../../node_modules/next/dist/client/next-dev.js (http://localhost:3000/_next/static/chunks/fallback/main.js:314:1)
    at options.factory (http://localhost:3000/_next/static/chunks/fallback/webpack.js:667:31)
    at __webpack_require__ (http://localhost:3000/_next/static/chunks/fallback/webpack.js:29:33)
    at __webpack_exec__ (http://localhost:3000/_next/static/chunks/fallback/main.js:1612:67)
    at  (http://localhost:3000/_next/static/chunks/fallback/main.js:1613:53)
    at webpackJsonpCallback (http://localhost:3000/_next/static/chunks/fallback/webpack.js:1343:46)
    at  (http://localhost:3000/_next/static/chunks/fallback/main.js:9:61)
[   38188ms] TypeError: Cannot read properties of null (reading 'useInsertionEffect')
    at getServerError (webpack-internal:///(pages-dir-browser)/../../node_modules/next/dist/server/dev/node-stack-frames.js:41:37)
    at hydrate/< (webpack-internal:///(pages-dir-browser)/../../node_modules/next/dist/client/index.js:644:27)
    at setTimeout handler*hydrate (webpack-internal:///(pages-dir-browser)/../../node_modules/next/dist/client/index.js:622:27)
    at async*pageBootstrap (webpack-internal:///(pages-dir-browser)/../../node_modules/next/dist/client/page-bootstrap.js:28:26)
    at  (webpack-internal:///(pages-dir-browser)/../../node_modules/next/dist/client/next-dev.js:24:45)
    at promise callback* (webpack-internal:///(pages-dir-browser)/../../node_modules/next/dist/client/next-dev.js:22:4)
    at (pages-dir-browser)/../../node_modules/next/dist/client/next-dev.js (http://localhost:3000/_next/static/chunks/fallback/main.js:314:1)
    at options.factory (http://localhost:3000/_next/static/chunks/fallback/webpack.js:667:31)
    at __webpack_require__ (http://localhost:3000/_next/static/chunks/fallback/webpack.js:29:33)
    at __webpack_exec__ (http://localhost:3000/_next/static/chunks/fallback/main.js:1612:67)
    at  (http://localhost:3000/_next/static/chunks/fallback/main.js:1613:53)
    at webpackJsonpCallback (http://localhost:3000/_next/static/chunks/fallback/webpack.js:1343:46)
    at  (http://localhost:3000/_next/static/chunks/fallback/main.js:9:61)
[   38930ms] TypeError: Cannot read properties of null (reading 'useInsertionEffect')
    at getServerError (webpack-internal:///(pages-dir-browser)/../../node_modules/next/dist/server/dev/node-stack-frames.js:41:37)
    at hydrate/< (webpack-internal:///(pages-dir-browser)/../../node_modules/next/dist/client/index.js:644:27)
    at setTimeout handler*hydrate (webpack-internal:///(pages-dir-browser)/../../node_modules/next/dist/client/index.js:622:27)
    at async*pageBootstrap (webpack-internal:///(pages-dir-browser)/../../node_modules/next/dist/client/page-bootstrap.js:28:26)
    at  (webpack-internal:///(pages-dir-browser)/../../node_modules/next/dist/client/next-dev.js:24:45)
    at promise callback* (webpack-internal:///(pages-dir-browser)/../../node_modules/next/dist/client/next-dev.js:22:4)
    at (pages-dir-browser)/../../node_modules/next/dist/client/next-dev.js (http://localhost:3000/_next/static/chunks/fallback/main.js:314:1)
    at options.factory (http://localhost:3000/_next/static/chunks/fallback/webpack.js:667:31)
    at __webpack_require__ (http://localhost:3000/_next/static/chunks/fallback/webpack.js:29:33)
    at __webpack_exec__ (http://localhost:3000/_next/static/chunks/fallback/main.js:1612:67)
    at  (http://localhost:3000/_next/static/chunks/fallback/main.js:1613:53)
    at webpackJsonpCallback (http://localhost:3000/_next/static/chunks/fallback/webpack.js:1343:46)
    at  (http://localhost:3000/_next/static/chunks/fallback/main.js:9:61)
[   39659ms] TypeError: Cannot read properties of null (reading 'useInsertionEffect')
    at getServerError (webpack-internal:///(pages-dir-browser)/../../node_modules/next/dist/server/dev/node-stack-frames.js:41:37)
    at hydrate/< (webpack-internal:///(pages-dir-browser)/../../node_modules/next/dist/client/index.js:644:27)
    at setTimeout handler*hydrate (webpack-internal:///(pages-dir-browser)/../../node_modules/next/dist/client/index.js:622:27)
    at async*pageBootstrap (webpack-internal:///(pages-dir-browser)/../../node_modules/next/dist/client/page-bootstrap.js:28:26)
    at  (webpack-internal:///(pages-dir-browser)/../../node_modules/next/dist/client/next-dev.js:24:45)
    at promise callback* (webpack-internal:///(pages-dir-browser)/../../node_modules/next/dist/client/next-dev.js:22:4)
    at (pages-dir-browser)/../../node_modules/next/dist/client/next-dev.js (http://localhost:3000/_next/static/chunks/fallback/main.js:314:1)
    at options.factory (http://localhost:3000/_next/static/chunks/fallback/webpack.js:667:31)
    at __webpack_require__ (http://localhost:3000/_next/static/chunks/fallback/webpack.js:29:33)
    at __webpack_exec__ (http://localhost:3000/_next/static/chunks/fallback/main.js:1612:67)
    at  (http://localhost:3000/_next/static/chunks/fallback/main.js:1613:53)
    at webpackJsonpCallback (http://localhost:3000/_next/static/chunks/fallback/webpack.js:1343:46)
    at  (http://localhost:3000/_next/static/chunks/fallback/main.js:9:61)
[   39703ms] [WARNING] [Fast Refresh] performing full reload because your application had an unrecoverable error @ webpack-internal:///(pages-dir-browser)/../../node_modules/next/dist/client/dev/hot-reloader/pages/hot-reloader-pages.js:338
[   40710ms] TypeError: Cannot read properties of null (reading 'useInsertionEffect')
    at getServerError (webpack-internal:///(pages-dir-browser)/../../node_modules/next/dist/server/dev/node-stack-frames.js:41:37)
    at hydrate/< (webpack-internal:///(pages-dir-browser)/../../node_modules/next/dist/client/index.js:644:27)
    at setTimeout handler*hydrate (webpack-internal:///(pages-dir-browser)/../../node_modules/next/dist/client/index.js:622:27)
    at async*pageBootstrap (webpack-internal:///(pages-dir-browser)/../../node_modules/next/dist/client/page-bootstrap.js:28:26)
    at  (webpack-internal:///(pages-dir-browser)/../../node_modules/next/dist/client/next-dev.js:24:45)
    at promise callback* (webpack-internal:///(pages-dir-browser)/../../node_modules/next/dist/client/next-dev.js:22:4)
    at (pages-dir-browser)/../../node_modules/next/dist/client/next-dev.js (http://localhost:3000/_next/static/chunks/fallback/main.js:314:1)
    at options.factory (http://localhost:3000/_next/static/chunks/fallback/webpack.js:667:31)
    at __webpack_require__ (http://localhost:3000/_next/static/chunks/fallback/webpack.js:29:33)
    at __webpack_exec__ (http://localhost:3000/_next/static/chunks/fallback/main.js:1612:67)
    at  (http://localhost:3000/_next/static/chunks/fallback/main.js:1613:53)
    at webpackJsonpCallback (http://localhost:3000/_next/static/chunks/fallback/webpack.js:1343:46)
    at  (http://localhost:3000/_next/static/chunks/fallback/main.js:9:61)
[   40884ms] [WARNING] [Fast Refresh] performing full reload

Fast Refresh will perform a full reload when you edit a file that's imported by modules outside of the React rendering tree.
You might have a file which exports a React component but also exports a value that is imported by a non-React component file.
Consider migrating the non-React component export to a separate file and importing it into both files.

It is also possible the parent component of the component you edited is a class component, which disables Fast Refresh.
Fast Refresh requires at least one parent function component in your React tree. @ webpack-internal:///(pages-dir-browser)/../../node_modules/next/dist/client/dev/hot-reloader/pages/hot-reloader-pages.js:336
[   41891ms] TypeError: Cannot read properties of null (reading 'useInsertionEffect')
    at getServerError (webpack-internal:///(pages-dir-browser)/../../node_modules/next/dist/server/dev/node-stack-frames.js:41:37)
    at hydrate/< (webpack-internal:///(pages-dir-browser)/../../node_modules/next/dist/client/index.js:644:27)
    at setTimeout handler*hydrate (webpack-internal:///(pages-dir-browser)/../../node_modules/next/dist/client/index.js:622:27)
    at async*pageBootstrap (webpack-internal:///(pages-dir-browser)/../../node_modules/next/dist/client/page-bootstrap.js:28:26)
    at  (webpack-internal:///(pages-dir-browser)/../../node_modules/next/dist/client/next-dev.js:24:45)
    at promise callback* (webpack-internal:///(pages-dir-browser)/../../node_modules/next/dist/client/next-dev.js:22:4)
    at (pages-dir-browser)/../../node_modules/next/dist/client/next-dev.js (http://localhost:3000/_next/static/chunks/fallback/main.js:314:1)
    at options.factory (http://localhost:3000/_next/static/chunks/fallback/webpack.js:667:31)
    at __webpack_require__ (http://localhost:3000/_next/static/chunks/fallback/webpack.js:29:33)
    at __webpack_exec__ (http://localhost:3000/_next/static/chunks/fallback/main.js:1612:67)
    at  (http://localhost:3000/_next/static/chunks/fallback/main.js:1613:53)
    at webpackJsonpCallback (http://localhost:3000/_next/static/chunks/fallback/webpack.js:1343:46)
    at  (http://localhost:3000/_next/static/chunks/fallback/main.js:9:61)
[   42501ms] TypeError: Cannot read properties of null (reading 'useInsertionEffect')
    at getServerError (webpack-internal:///(pages-dir-browser)/../../node_modules/next/dist/server/dev/node-stack-frames.js:41:37)
    at hydrate/< (webpack-internal:///(pages-dir-browser)/../../node_modules/next/dist/client/index.js:644:27)
    at setTimeout handler*hydrate (webpack-internal:///(pages-dir-browser)/../../node_modules/next/dist/client/index.js:622:27)
    at async*pageBootstrap (webpack-internal:///(pages-dir-browser)/../../node_modules/next/dist/client/page-bootstrap.js:28:26)
    at  (webpack-internal:///(pages-dir-browser)/../../node_modules/next/dist/client/next-dev.js:24:45)
    at promise callback* (webpack-internal:///(pages-dir-browser)/../../node_modules/next/dist/client/next-dev.js:22:4)
    at (pages-dir-browser)/../../node_modules/next/dist/client/next-dev.js (http://localhost:3000/_next/static/chunks/fallback/main.js:314:1)
    at options.factory (http://localhost:3000/_next/static/chunks/fallback/webpack.js:667:31)
    at __webpack_require__ (http://localhost:3000/_next/static/chunks/fallback/webpack.js:29:33)
    at __webpack_exec__ (http://localhost:3000/_next/static/chunks/fallback/main.js:1612:67)
    at  (http://localhost:3000/_next/static/chunks/fallback/main.js:1613:53)
    at webpackJsonpCallback (http://localhost:3000/_next/static/chunks/fallback/webpack.js:1343:46)
    at  (http://localhost:3000/_next/static/chunks/fallback/main.js:9:61)
[   43225ms] TypeError: Cannot read properties of null (reading 'useInsertionEffect')
    at getServerError (webpack-internal:///(pages-dir-browser)/../../node_modules/next/dist/server/dev/node-stack-frames.js:41:37)
    at hydrate/< (webpack-internal:///(pages-dir-browser)/../../node_modules/next/dist/client/index.js:644:27)
    at setTimeout handler*hydrate (webpack-internal:///(pages-dir-browser)/../../node_modules/next/dist/client/index.js:622:27)
    at async*pageBootstrap (webpack-internal:///(pages-dir-browser)/../../node_modules/next/dist/client/page-bootstrap.js:28:26)
    at  (webpack-internal:///(pages-dir-browser)/../../node_modules/next/dist/client/next-dev.js:24:45)
    at promise callback* (webpack-internal:///(pages-dir-browser)/../../node_modules/next/dist/client/next-dev.js:22:4)
    at (pages-dir-browser)/../../node_modules/next/dist/client/next-dev.js (http://localhost:3000/_next/static/chunks/fallback/main.js:314:1)
    at options.factory (http://localhost:3000/_next/static/chunks/fallback/webpack.js:667:31)
    at __webpack_require__ (http://localhost:3000/_next/static/chunks/fallback/webpack.js:29:33)
    at __webpack_exec__ (http://localhost:3000/_next/static/chunks/fallback/main.js:1612:67)
    at  (http://localhost:3000/_next/static/chunks/fallback/main.js:1613:53)
    at webpackJsonpCallback (http://localhost:3000/_next/static/chunks/fallback/webpack.js:1343:46)
    at  (http://localhost:3000/_next/static/chunks/fallback/main.js:9:61)
[   43279ms] [WARNING] [Fast Refresh] performing full reload because your application had an unrecoverable error @ webpack-internal:///(pages-dir-browser)/../../node_modules/next/dist/client/dev/hot-reloader/pages/hot-reloader-pages.js:338
[   44367ms] TypeError: Cannot read properties of null (reading 'useInsertionEffect')
    at getServerError (webpack-internal:///(pages-dir-browser)/../../node_modules/next/dist/server/dev/node-stack-frames.js:41:37)
    at hydrate/< (webpack-internal:///(pages-dir-browser)/../../node_modules/next/dist/client/index.js:644:27)
    at setTimeout handler*hydrate (webpack-internal:///(pages-dir-browser)/../../node_modules/next/dist/client/index.js:622:27)
    at async*pageBootstrap (webpack-internal:///(pages-dir-browser)/../../node_modules/next/dist/client/page-bootstrap.js:28:26)
    at  (webpack-internal:///(pages-dir-browser)/../../node_modules/next/dist/client/next-dev.js:24:45)
    at promise callback* (webpack-internal:///(pages-dir-browser)/../../node_modules/next/dist/client/next-dev.js:22:4)
    at (pages-dir-browser)/../../node_modules/next/dist/client/next-dev.js (http://localhost:3000/_next/static/chunks/fallback/main.js:314:1)
    at options.factory (http://localhost:3000/_next/static/chunks/fallback/webpack.js:667:31)
    at __webpack_require__ (http://localhost:3000/_next/static/chunks/fallback/webpack.js:29:33)
    at __webpack_exec__ (http://localhost:3000/_next/static/chunks/fallback/main.js:1612:67)
    at  (http://localhost:3000/_next/static/chunks/fallback/main.js:1613:53)
    at webpackJsonpCallback (http://localhost:3000/_next/static/chunks/fallback/webpack.js:1343:46)
    at  (http://localhost:3000/_next/static/chunks/fallback/main.js:9:61)
[   44959ms] TypeError: Cannot read properties of null (reading 'useInsertionEffect')
    at getServerError (webpack-internal:///(pages-dir-browser)/../../node_modules/next/dist/server/dev/node-stack-frames.js:41:37)
    at hydrate/< (webpack-internal:///(pages-dir-browser)/../../node_modules/next/dist/client/index.js:644:27)
    at setTimeout handler*hydrate (webpack-internal:///(pages-dir-browser)/../../node_modules/next/dist/client/index.js:622:27)
    at async*pageBootstrap (webpack-internal:///(pages-dir-browser)/../../node_modules/next/dist/client/page-bootstrap.js:28:26)
    at  (webpack-internal:///(pages-dir-browser)/../../node_modules/next/dist/client/next-dev.js:24:45)
    at promise callback* (webpack-internal:///(pages-dir-browser)/../../node_modules/next/dist/client/next-dev.js:22:4)
    at (pages-dir-browser)/../../node_modules/next/dist/client/next-dev.js (http://localhost:3000/_next/static/chunks/fallback/main.js:314:1)
    at options.factory (http://localhost:3000/_next/static/chunks/fallback/webpack.js:667:31)
    at __webpack_require__ (http://localhost:3000/_next/static/chunks/fallback/webpack.js:29:33)
    at __webpack_exec__ (http://localhost:3000/_next/static/chunks/fallback/main.js:1612:67)
    at  (http://localhost:3000/_next/static/chunks/fallback/main.js:1613:53)
    at webpackJsonpCallback (http://localhost:3000/_next/static/chunks/fallback/webpack.js:1343:46)
    at  (http://localhost:3000/_next/static/chunks/fallback/main.js:9:61)
[   45683ms] TypeError: Cannot read properties of null (reading 'useInsertionEffect')
    at getServerError (webpack-internal:///(pages-dir-browser)/../../node_modules/next/dist/server/dev/node-stack-frames.js:41:37)
    at hydrate/< (webpack-internal:///(pages-dir-browser)/../../node_modules/next/dist/client/index.js:644:27)
    at setTimeout handler*hydrate (webpack-internal:///(pages-dir-browser)/../../node_modules/next/dist/client/index.js:622:27)
    at async*pageBootstrap (webpack-internal:///(pages-dir-browser)/../../node_modules/next/dist/client/page-bootstrap.js:28:26)
    at  (webpack-internal:///(pages-dir-browser)/../../node_modules/next/dist/client/next-dev.js:24:45)
    at promise callback* (webpack-internal:///(pages-dir-browser)/../../node_modules/next/dist/client/next-dev.js:22:4)
    at (pages-dir-browser)/../../node_modules/next/dist/client/next-dev.js (http://localhost:3000/_next/static/chunks/fallback/main.js:314:1)
    at options.factory (http://localhost:3000/_next/static/chunks/fallback/webpack.js:667:31)
    at __webpack_require__ (http://localhost:3000/_next/static/chunks/fallback/webpack.js:29:33)
    at __webpack_exec__ (http://localhost:3000/_next/static/chunks/fallback/main.js:1612:67)
    at  (http://localhost:3000/_next/static/chunks/fallback/main.js:1613:53)
    at webpackJsonpCallback (http://localhost:3000/_next/static/chunks/fallback/webpack.js:1343:46)
    at  (http://localhost:3000/_next/static/chunks/fallback/main.js:9:61)
[   45703ms] [WARNING] [Fast Refresh] performing full reload because your application had an unrecoverable error @ webpack-internal:///(pages-dir-browser)/../../node_modules/next/dist/client/dev/hot-reloader/pages/hot-reloader-pages.js:338
[   46326ms] TypeError: Cannot read properties of null (reading 'useInsertionEffect')
    at getServerError (webpack-internal:///(pages-dir-browser)/../../node_modules/next/dist/server/dev/node-stack-frames.js:41:37)
    at hydrate/< (webpack-internal:///(pages-dir-browser)/../../node_modules/next/dist/client/index.js:644:27)
    at setTimeout handler*hydrate (webpack-internal:///(pages-dir-browser)/../../node_modules/next/dist/client/index.js:622:27)
    at async*pageBootstrap (webpack-internal:///(pages-dir-browser)/../../node_modules/next/dist/client/page-bootstrap.js:28:26)
    at  (webpack-internal:///(pages-dir-browser)/../../node_modules/next/dist/client/next-dev.js:24:45)
    at promise callback* (webpack-internal:///(pages-dir-browser)/../../node_modules/next/dist/client/next-dev.js:22:4)
    at (pages-dir-browser)/../../node_modules/next/dist/client/next-dev.js (http://localhost:3000/_next/static/chunks/fallback/main.js:314:1)
    at options.factory (http://localhost:3000/_next/static/chunks/fallback/webpack.js:667:31)
    at __webpack_require__ (http://localhost:3000/_next/static/chunks/fallback/webpack.js:29:33)
    at __webpack_exec__ (http://localhost:3000/_next/static/chunks/fallback/main.js:1612:67)
    at  (http://localhost:3000/_next/static/chunks/fallback/main.js:1613:53)
    at webpackJsonpCallback (http://localhost:3000/_next/static/chunks/fallback/webpack.js:1343:46)
    at  (http://localhost:3000/_next/static/chunks/fallback/main.js:9:61)
[   46387ms] [WARNING] [Fast Refresh] performing full reload because your application had an unrecoverable error @ webpack-internal:///(pages-dir-browser)/../../node_modules/next/dist/client/dev/hot-reloader/pages/hot-reloader-pages.js:338
[   46980ms] TypeError: Cannot read properties of null (reading 'useInsertionEffect')
    at getServerError (webpack-internal:///(pages-dir-browser)/../../node_modules/next/dist/server/dev/node-stack-frames.js:41:37)
    at hydrate/< (webpack-internal:///(pages-dir-browser)/../../node_modules/next/dist/client/index.js:644:27)
    at setTimeout handler*hydrate (webpack-internal:///(pages-dir-browser)/../../node_modules/next/dist/client/index.js:622:27)
    at async*pageBootstrap (webpack-internal:///(pages-dir-browser)/../../node_modules/next/dist/client/page-bootstrap.js:28:26)
    at  (webpack-internal:///(pages-dir-browser)/../../node_modules/next/dist/client/next-dev.js:24:45)
    at promise callback* (webpack-internal:///(pages-dir-browser)/../../node_modules/next/dist/client/next-dev.js:22:4)
    at (pages-dir-browser)/../../node_modules/next/dist/client/next-dev.js (http://localhost:3000/_next/static/chunks/fallback/main.js:314:1)
    at options.factory (http://localhost:3000/_next/static/chunks/fallback/webpack.js:667:31)
    at __webpack_require__ (http://localhost:3000/_next/static/chunks/fallback/webpack.js:29:33)
    at __webpack_exec__ (http://localhost:3000/_next/static/chunks/fallback/main.js:1612:67)
    at  (http://localhost:3000/_next/static/chunks/fallback/main.js:1613:53)
    at webpackJsonpCallback (http://localhost:3000/_next/static/chunks/fallback/webpack.js:1343:46)
    at  (http://localhost:3000/_next/static/chunks/fallback/main.js:9:61)
[   47048ms] [WARNING] [Fast Refresh] performing full reload

Fast Refresh will perform a full reload when you edit a file that's imported by modules outside of the React rendering tree.
You might have a file which exports a React component but also exports a value that is imported by a non-React component file.
Consider migrating the non-React component export to a separate file and importing it into both files.

It is also possible the parent component of the component you edited is a class component, which disables Fast Refresh.
Fast Refresh requires at least one parent function component in your React tree. @ webpack-internal:///(pages-dir-browser)/../../node_modules/next/dist/client/dev/hot-reloader/pages/hot-reloader-pages.js:336
[   47577ms] TypeError: Cannot read properties of null (reading 'useInsertionEffect')
    at getServerError (webpack-internal:///(pages-dir-browser)/../../node_modules/next/dist/server/dev/node-stack-frames.js:41:37)
    at hydrate/< (webpack-internal:///(pages-dir-browser)/../../node_modules/next/dist/client/index.js:644:27)
    at setTimeout handler*hydrate (webpack-internal:///(pages-dir-browser)/../../node_modules/next/dist/client/index.js:622:27)
    at async*pageBootstrap (webpack-internal:///(pages-dir-browser)/../../node_modules/next/dist/client/page-bootstrap.js:28:26)
    at  (webpack-internal:///(pages-dir-browser)/../../node_modules/next/dist/client/next-dev.js:24:45)
    at promise callback* (webpack-internal:///(pages-dir-browser)/../../node_modules/next/dist/client/next-dev.js:22:4)
    at (pages-dir-browser)/../../node_modules/next/dist/client/next-dev.js (http://localhost:3000/_next/static/chunks/fallback/main.js:314:1)
    at options.factory (http://localhost:3000/_next/static/chunks/fallback/webpack.js:667:31)
    at __webpack_require__ (http://localhost:3000/_next/static/chunks/fallback/webpack.js:29:33)
    at __webpack_exec__ (http://localhost:3000/_next/static/chunks/fallback/main.js:1612:67)
    at  (http://localhost:3000/_next/static/chunks/fallback/main.js:1613:53)
    at webpackJsonpCallback (http://localhost:3000/_next/static/chunks/fallback/webpack.js:1343:46)
    at  (http://localhost:3000/_next/static/chunks/fallback/main.js:9:61)
[   48269ms] TypeError: Cannot read properties of null (reading 'useInsertionEffect')
    at getServerError (webpack-internal:///(pages-dir-browser)/../../node_modules/next/dist/server/dev/node-stack-frames.js:41:37)
    at hydrate/< (webpack-internal:///(pages-dir-browser)/../../node_modules/next/dist/client/index.js:644:27)
    at setTimeout handler*hydrate (webpack-internal:///(pages-dir-browser)/../../node_modules/next/dist/client/index.js:622:27)
    at async*pageBootstrap (webpack-internal:///(pages-dir-browser)/../../node_modules/next/dist/client/page-bootstrap.js:28:26)
    at  (webpack-internal:///(pages-dir-browser)/../../node_modules/next/dist/client/next-dev.js:24:45)
    at promise callback* (webpack-internal:///(pages-dir-browser)/../../node_modules/next/dist/client/next-dev.js:22:4)
    at (pages-dir-browser)/../../node_modules/next/dist/client/next-dev.js (http://localhost:3000/_next/static/chunks/fallback/main.js:314:1)
    at options.factory (http://localhost:3000/_next/static/chunks/fallback/webpack.js:667:31)
    at __webpack_require__ (http://localhost:3000/_next/static/chunks/fallback/webpack.js:29:33)
    at __webpack_exec__ (http://localhost:3000/_next/static/chunks/fallback/main.js:1612:67)
    at  (http://localhost:3000/_next/static/chunks/fallback/main.js:1613:53)
    at webpackJsonpCallback (http://localhost:3000/_next/static/chunks/fallback/webpack.js:1343:46)
    at  (http://localhost:3000/_next/static/chunks/fallback/main.js:9:61)
[   48329ms] [WARNING] [Fast Refresh] performing full reload because your application had an unrecoverable error @ webpack-internal:///(pages-dir-browser)/../../node_modules/next/dist/client/dev/hot-reloader/pages/hot-reloader-pages.js:338
[   48933ms] TypeError: Cannot read properties of null (reading 'useInsertionEffect')
    at getServerError (webpack-internal:///(pages-dir-browser)/../../node_modules/next/dist/server/dev/node-stack-frames.js:41:37)
    at hydrate/< (webpack-internal:///(pages-dir-browser)/../../node_modules/next/dist/client/index.js:644:27)
    at setTimeout handler*hydrate (webpack-internal:///(pages-dir-browser)/../../node_modules/next/dist/client/index.js:622:27)
    at async*pageBootstrap (webpack-internal:///(pages-dir-browser)/../../node_modules/next/dist/client/page-bootstrap.js:28:26)
    at  (webpack-internal:///(pages-dir-browser)/../../node_modules/next/dist/client/next-dev.js:24:45)
    at promise callback* (webpack-internal:///(pages-dir-browser)/../../node_modules/next/dist/client/next-dev.js:22:4)
    at (pages-dir-browser)/../../node_modules/next/dist/client/next-dev.js (http://localhost:3000/_next/static/chunks/fallback/main.js:314:1)
    at options.factory (http://localhost:3000/_next/static/chunks/fallback/webpack.js:667:31)
    at __webpack_require__ (http://localhost:3000/_next/static/chunks/fallback/webpack.js:29:33)
    at __webpack_exec__ (http://localhost:3000/_next/static/chunks/fallback/main.js:1612:67)
    at  (http://localhost:3000/_next/static/chunks/fallback/main.js:1613:53)
    at webpackJsonpCallback (http://localhost:3000/_next/static/chunks/fallback/webpack.js:1343:46)
    at  (http://localhost:3000/_next/static/chunks/fallback/main.js:9:61)
[   48999ms] [WARNING] [Fast Refresh] performing full reload

Fast Refresh will perform a full reload when you edit a file that's imported by modules outside of the React rendering tree.
You might have a file which exports a React component but also exports a value that is imported by a non-React component file.
Consider migrating the non-React component export to a separate file and importing it into both files.

It is also possible the parent component of the component you edited is a class component, which disables Fast Refresh.
Fast Refresh requires at least one parent function component in your React tree. @ webpack-internal:///(pages-dir-browser)/../../node_modules/next/dist/client/dev/hot-reloader/pages/hot-reloader-pages.js:336
[   49796ms] TypeError: Cannot read properties of null (reading 'useInsertionEffect')
    at getServerError (webpack-internal:///(pages-dir-browser)/../../node_modules/next/dist/server/dev/node-stack-frames.js:41:37)
    at hydrate/< (webpack-internal:///(pages-dir-browser)/../../node_modules/next/dist/client/index.js:644:27)
    at setTimeout handler*hydrate (webpack-internal:///(pages-dir-browser)/../../node_modules/next/dist/client/index.js:622:27)
    at async*pageBootstrap (webpack-internal:///(pages-dir-browser)/../../node_modules/next/dist/client/page-bootstrap.js:28:26)
    at  (webpack-internal:///(pages-dir-browser)/../../node_modules/next/dist/client/next-dev.js:24:45)
    at promise callback* (webpack-internal:///(pages-dir-browser)/../../node_modules/next/dist/client/next-dev.js:22:4)
    at (pages-dir-browser)/../../node_modules/next/dist/client/next-dev.js (http://localhost:3000/_next/static/chunks/fallback/main.js:314:1)
    at options.factory (http://localhost:3000/_next/static/chunks/fallback/webpack.js:667:31)
    at __webpack_require__ (http://localhost:3000/_next/static/chunks/fallback/webpack.js:29:33)
    at __webpack_exec__ (http://localhost:3000/_next/static/chunks/fallback/main.js:1612:67)
    at  (http://localhost:3000/_next/static/chunks/fallback/main.js:1613:53)
    at webpackJsonpCallback (http://localhost:3000/_next/static/chunks/fallback/webpack.js:1343:46)
    at  (http://localhost:3000/_next/static/chunks/fallback/main.js:9:61)
[   49868ms] [WARNING] [Fast Refresh] performing full reload because your application had an unrecoverable error @ webpack-internal:///(pages-dir-browser)/../../node_modules/next/dist/client/dev/hot-reloader/pages/hot-reloader-pages.js:338
[   50595ms] TypeError: Cannot read properties of null (reading 'useInsertionEffect')
    at getServerError (webpack-internal:///(pages-dir-browser)/../../node_modules/next/dist/server/dev/node-stack-frames.js:41:37)
    at hydrate/< (webpack-internal:///(pages-dir-browser)/../../node_modules/next/dist/client/index.js:644:27)
    at setTimeout handler*hydrate (webpack-internal:///(pages-dir-browser)/../../node_modules/next/dist/client/index.js:622:27)
    at async*pageBootstrap (webpack-internal:///(pages-dir-browser)/../../node_modules/next/dist/client/page-bootstrap.js:28:26)
    at  (webpack-internal:///(pages-dir-browser)/../../node_modules/next/dist/client/next-dev.js:24:45)
    at promise callback* (webpack-internal:///(pages-dir-browser)/../../node_modules/next/dist/client/next-dev.js:22:4)
    at (pages-dir-browser)/../../node_modules/next/dist/client/next-dev.js (http://localhost:3000/_next/static/chunks/fallback/main.js:314:1)
    at options.factory (http://localhost:3000/_next/static/chunks/fallback/webpack.js:667:31)
    at __webpack_require__ (http://localhost:3000/_next/static/chunks/fallback/webpack.js:29:33)
    at __webpack_exec__ (http://localhost:3000/_next/static/chunks/fallback/main.js:1612:67)
    at  (http://localhost:3000/_next/static/chunks/fallback/main.js:1613:53)
    at webpackJsonpCallback (http://localhost:3000/_next/static/chunks/fallback/webpack.js:1343:46)
    at  (http://localhost:3000/_next/static/chunks/fallback/main.js:9:61)
[   50650ms] [WARNING] [Fast Refresh] performing full reload because your application had an unrecoverable error @ webpack-internal:///(pages-dir-browser)/../../node_modules/next/dist/client/dev/hot-reloader/pages/hot-reloader-pages.js:338
[   51678ms] TypeError: Cannot read properties of null (reading 'useInsertionEffect')
    at getServerError (webpack-internal:///(pages-dir-browser)/../../node_modules/next/dist/server/dev/node-stack-frames.js:41:37)
    at hydrate/< (webpack-internal:///(pages-dir-browser)/../../node_modules/next/dist/client/index.js:644:27)
    at setTimeout handler*hydrate (webpack-internal:///(pages-dir-browser)/../../node_modules/next/dist/client/index.js:622:27)
    at async*pageBootstrap (webpack-internal:///(pages-dir-browser)/../../node_modules/next/dist/client/page-bootstrap.js:28:26)
    at  (webpack-internal:///(pages-dir-browser)/../../node_modules/next/dist/client/next-dev.js:24:45)
    at promise callback* (webpack-internal:///(pages-dir-browser)/../../node_modules/next/dist/client/next-dev.js:22:4)
    at (pages-dir-browser)/../../node_modules/next/dist/client/next-dev.js (http://localhost:3000/_next/static/chunks/fallback/main.js:314:1)
    at options.factory (http://localhost:3000/_next/static/chunks/fallback/webpack.js:667:31)
    at __webpack_require__ (http://localhost:3000/_next/static/chunks/fallback/webpack.js:29:33)
    at __webpack_exec__ (http://localhost:3000/_next/static/chunks/fallback/main.js:1612:67)
    at  (http://localhost:3000/_next/static/chunks/fallback/main.js:1613:53)
    at webpackJsonpCallback (http://localhost:3000/_next/static/chunks/fallback/webpack.js:1343:46)
    at  (http://localhost:3000/_next/static/chunks/fallback/main.js:9:61)
[   52286ms] TypeError: Cannot read properties of null (reading 'useInsertionEffect')
    at getServerError (webpack-internal:///(pages-dir-browser)/../../node_modules/next/dist/server/dev/node-stack-frames.js:41:37)
    at hydrate/< (webpack-internal:///(pages-dir-browser)/../../node_modules/next/dist/client/index.js:644:27)
    at setTimeout handler*hydrate (webpack-internal:///(pages-dir-browser)/../../node_modules/next/dist/client/index.js:622:27)
    at async*pageBootstrap (webpack-internal:///(pages-dir-browser)/../../node_modules/next/dist/client/page-bootstrap.js:28:26)
    at  (webpack-internal:///(pages-dir-browser)/../../node_modules/next/dist/client/next-dev.js:24:45)
    at promise callback* (webpack-internal:///(pages-dir-browser)/../../node_modules/next/dist/client/next-dev.js:22:4)
    at (pages-dir-browser)/../../node_modules/next/dist/client/next-dev.js (http://localhost:3000/_next/static/chunks/fallback/main.js:314:1)
    at options.factory (http://localhost:3000/_next/static/chunks/fallback/webpack.js:667:31)
    at __webpack_require__ (http://localhost:3000/_next/static/chunks/fallback/webpack.js:29:33)
    at __webpack_exec__ (http://localhost:3000/_next/static/chunks/fallback/main.js:1612:67)
    at  (http://localhost:3000/_next/static/chunks/fallback/main.js:1613:53)
    at webpackJsonpCallback (http://localhost:3000/_next/static/chunks/fallback/webpack.js:1343:46)
    at  (http://localhost:3000/_next/static/chunks/fallback/main.js:9:61)
[   53136ms] TypeError: Cannot read properties of null (reading 'useInsertionEffect')
    at getServerError (webpack-internal:///(pages-dir-browser)/../../node_modules/next/dist/server/dev/node-stack-frames.js:41:37)
    at hydrate/< (webpack-internal:///(pages-dir-browser)/../../node_modules/next/dist/client/index.js:644:27)
    at setTimeout handler*hydrate (webpack-internal:///(pages-dir-browser)/../../node_modules/next/dist/client/index.js:622:27)
    at async*pageBootstrap (webpack-internal:///(pages-dir-browser)/../../node_modules/next/dist/client/page-bootstrap.js:28:26)
    at  (webpack-internal:///(pages-dir-browser)/../../node_modules/next/dist/client/next-dev.js:24:45)
    at promise callback* (webpack-internal:///(pages-dir-browser)/../../node_modules/next/dist/client/next-dev.js:22:4)
    at (pages-dir-browser)/../../node_modules/next/dist/client/next-dev.js (http://localhost:3000/_next/static/chunks/fallback/main.js:314:1)
    at options.factory (http://localhost:3000/_next/static/chunks/fallback/webpack.js:667:31)
    at __webpack_require__ (http://localhost:3000/_next/static/chunks/fallback/webpack.js:29:33)
    at __webpack_exec__ (http://localhost:3000/_next/static/chunks/fallback/main.js:1612:67)
    at  (http://localhost:3000/_next/static/chunks/fallback/main.js:1613:53)
    at webpackJsonpCallback (http://localhost:3000/_next/static/chunks/fallback/webpack.js:1343:46)
    at  (http://localhost:3000/_next/static/chunks/fallback/main.js:9:61)
[   53289ms] [WARNING] [Fast Refresh] performing full reload

Fast Refresh will perform a full reload when you edit a file that's imported by modules outside of the React rendering tree.
You might have a file which exports a React component but also exports a value that is imported by a non-React component file.
Consider migrating the non-React component export to a separate file and importing it into both files.

It is also possible the parent component of the component you edited is a class component, which disables Fast Refresh.
Fast Refresh requires at least one parent function component in your React tree. @ webpack-internal:///(pages-dir-browser)/../../node_modules/next/dist/client/dev/hot-reloader/pages/hot-reloader-pages.js:336
[   53880ms] TypeError: Cannot read properties of null (reading 'useInsertionEffect')
    at getServerError (webpack-internal:///(pages-dir-browser)/../../node_modules/next/dist/server/dev/node-stack-frames.js:41:37)
    at hydrate/< (webpack-internal:///(pages-dir-browser)/../../node_modules/next/dist/client/index.js:644:27)
    at setTimeout handler*hydrate (webpack-internal:///(pages-dir-browser)/../../node_modules/next/dist/client/index.js:622:27)
    at async*pageBootstrap (webpack-internal:///(pages-dir-browser)/../../node_modules/next/dist/client/page-bootstrap.js:28:26)
    at  (webpack-internal:///(pages-dir-browser)/../../node_modules/next/dist/client/next-dev.js:24:45)
    at promise callback* (webpack-internal:///(pages-dir-browser)/../../node_modules/next/dist/client/next-dev.js:22:4)
    at (pages-dir-browser)/../../node_modules/next/dist/client/next-dev.js (http://localhost:3000/_next/static/chunks/fallback/main.js:314:1)
    at options.factory (http://localhost:3000/_next/static/chunks/fallback/webpack.js:667:31)
    at __webpack_require__ (http://localhost:3000/_next/static/chunks/fallback/webpack.js:29:33)
    at __webpack_exec__ (http://localhost:3000/_next/static/chunks/fallback/main.js:1612:67)
    at  (http://localhost:3000/_next/static/chunks/fallback/main.js:1613:53)
    at webpackJsonpCallback (http://localhost:3000/_next/static/chunks/fallback/webpack.js:1343:46)
    at  (http://localhost:3000/_next/static/chunks/fallback/main.js:9:61)
[   53944ms] [WARNING] [Fast Refresh] performing full reload

Fast Refresh will perform a full reload when you edit a file that's imported by modules outside of the React rendering tree.
You might have a file which exports a React component but also exports a value that is imported by a non-React component file.
Consider migrating the non-React component export to a separate file and importing it into both files.

It is also possible the parent component of the component you edited is a class component, which disables Fast Refresh.
Fast Refresh requires at least one parent function component in your React tree. @ webpack-internal:///(pages-dir-browser)/../../node_modules/next/dist/client/dev/hot-reloader/pages/hot-reloader-pages.js:336
[   54460ms] TypeError: Cannot read properties of null (reading 'useInsertionEffect')
    at getServerError (webpack-internal:///(pages-dir-browser)/../../node_modules/next/dist/server/dev/node-stack-frames.js:41:37)
    at hydrate/< (webpack-internal:///(pages-dir-browser)/../../node_modules/next/dist/client/index.js:644:27)
    at setTimeout handler*hydrate (webpack-internal:///(pages-dir-browser)/../../node_modules/next/dist/client/index.js:622:27)
    at async*pageBootstrap (webpack-internal:///(pages-dir-browser)/../../node_modules/next/dist/client/page-bootstrap.js:28:26)
    at  (webpack-internal:///(pages-dir-browser)/../../node_modules/next/dist/client/next-dev.js:24:45)
    at promise callback* (webpack-internal:///(pages-dir-browser)/../../node_modules/next/dist/client/next-dev.js:22:4)
    at (pages-dir-browser)/../../node_modules/next/dist/client/next-dev.js (http://localhost:3000/_next/static/chunks/fallback/main.js:314:1)
    at options.factory (http://localhost:3000/_next/static/chunks/fallback/webpack.js:667:31)
    at __webpack_require__ (http://localhost:3000/_next/static/chunks/fallback/webpack.js:29:33)
    at __webpack_exec__ (http://localhost:3000/_next/static/chunks/fallback/main.js:1612:67)
    at  (http://localhost:3000/_next/static/chunks/fallback/main.js:1613:53)
    at webpackJsonpCallback (http://localhost:3000/_next/static/chunks/fallback/webpack.js:1343:46)
    at  (http://localhost:3000/_next/static/chunks/fallback/main.js:9:61)
[   54613ms] [WARNING] [Fast Refresh] performing full reload

Fast Refresh will perform a full reload when you edit a file that's imported by modules outside of the React rendering tree.
You might have a file which exports a React component but also exports a value that is imported by a non-React component file.
Consider migrating the non-React component export to a separate file and importing it into both files.

It is also possible the parent component of the component you edited is a class component, which disables Fast Refresh.
Fast Refresh requires at least one parent function component in your React tree. @ webpack-internal:///(pages-dir-browser)/../../node_modules/next/dist/client/dev/hot-reloader/pages/hot-reloader-pages.js:336
[   55202ms] TypeError: Cannot read properties of null (reading 'useInsertionEffect')
    at getServerError (webpack-internal:///(pages-dir-browser)/../../node_modules/next/dist/server/dev/node-stack-frames.js:41:37)
    at hydrate/< (webpack-internal:///(pages-dir-browser)/../../node_modules/next/dist/client/index.js:644:27)
    at setTimeout handler*hydrate (webpack-internal:///(pages-dir-browser)/../../node_modules/next/dist/client/index.js:622:27)
    at async*pageBootstrap (webpack-internal:///(pages-dir-browser)/../../node_modules/next/dist/client/page-bootstrap.js:28:26)
    at  (webpack-internal:///(pages-dir-browser)/../../node_modules/next/dist/client/next-dev.js:24:45)
    at promise callback* (webpack-internal:///(pages-dir-browser)/../../node_modules/next/dist/client/next-dev.js:22:4)
    at (pages-dir-browser)/../../node_modules/next/dist/client/next-dev.js (http://localhost:3000/_next/static/chunks/fallback/main.js:314:1)
    at options.factory (http://localhost:3000/_next/static/chunks/fallback/webpack.js:667:31)
    at __webpack_require__ (http://localhost:3000/_next/static/chunks/fallback/webpack.js:29:33)
    at __webpack_exec__ (http://localhost:3000/_next/static/chunks/fallback/main.js:1612:67)
    at  (http://localhost:3000/_next/static/chunks/fallback/main.js:1613:53)
    at webpackJsonpCallback (http://localhost:3000/_next/static/chunks/fallback/webpack.js:1343:46)
    at  (http://localhost:3000/_next/static/chunks/fallback/main.js:9:61)
[   55255ms] [WARNING] [Fast Refresh] performing full reload

Fast Refresh will perform a full reload when you edit a file that's imported by modules outside of the React rendering tree.
You might have a file which exports a React component but also exports a value that is imported by a non-React component file.
Consider migrating the non-React component export to a separate file and importing it into both files.

It is also possible the parent component of the component you edited is a class component, which disables Fast Refresh.
Fast Refresh requires at least one parent function component in your React tree. @ webpack-internal:///(pages-dir-browser)/../../node_modules/next/dist/client/dev/hot-reloader/pages/hot-reloader-pages.js:336
[   55255ms] AbortError: The operation was aborted. 

[   55774ms] TypeError: Cannot read properties of null (reading 'useInsertionEffect')
    at getServerError (webpack-internal:///(pages-dir-browser)/../../node_modules/next/dist/server/dev/node-stack-frames.js:41:37)
    at hydrate/< (webpack-internal:///(pages-dir-browser)/../../node_modules/next/dist/client/index.js:644:27)
    at setTimeout handler*hydrate (webpack-internal:///(pages-dir-browser)/../../node_modules/next/dist/client/index.js:622:27)
    at async*pageBootstrap (webpack-internal:///(pages-dir-browser)/../../node_modules/next/dist/client/page-bootstrap.js:28:26)
    at  (webpack-internal:///(pages-dir-browser)/../../node_modules/next/dist/client/next-dev.js:24:45)
    at promise callback* (webpack-internal:///(pages-dir-browser)/../../node_modules/next/dist/client/next-dev.js:22:4)
    at (pages-dir-browser)/../../node_modules/next/dist/client/next-dev.js (http://localhost:3000/_next/static/chunks/fallback/main.js:314:1)
    at options.factory (http://localhost:3000/_next/static/chunks/fallback/webpack.js:667:31)
    at __webpack_require__ (http://localhost:3000/_next/static/chunks/fallback/webpack.js:29:33)
    at __webpack_exec__ (http://localhost:3000/_next/static/chunks/fallback/main.js:1612:67)
    at  (http://localhost:3000/_next/static/chunks/fallback/main.js:1613:53)
    at webpackJsonpCallback (http://localhost:3000/_next/static/chunks/fallback/webpack.js:1343:46)
    at  (http://localhost:3000/_next/static/chunks/fallback/main.js:9:61)
[   56469ms] TypeError: Cannot read properties of null (reading 'useInsertionEffect')
    at getServerError (webpack-internal:///(pages-dir-browser)/../../node_modules/next/dist/server/dev/node-stack-frames.js:41:37)
    at hydrate/< (webpack-internal:///(pages-dir-browser)/../../node_modules/next/dist/client/index.js:644:27)
    at setTimeout handler*hydrate (webpack-internal:///(pages-dir-browser)/../../node_modules/next/dist/client/index.js:622:27)
    at async*pageBootstrap (webpack-internal:///(pages-dir-browser)/../../node_modules/next/dist/client/page-bootstrap.js:28:26)
    at  (webpack-internal:///(pages-dir-browser)/../../node_modules/next/dist/client/next-dev.js:24:45)
    at promise callback* (webpack-internal:///(pages-dir-browser)/../../node_modules/next/dist/client/next-dev.js:22:4)
    at (pages-dir-browser)/../../node_modules/next/dist/client/next-dev.js (http://localhost:3000/_next/static/chunks/fallback/main.js:314:1)
    at options.factory (http://localhost:3000/_next/static/chunks/fallback/webpack.js:667:31)
    at __webpack_require__ (http://localhost:3000/_next/static/chunks/fallback/webpack.js:29:33)
    at __webpack_exec__ (http://localhost:3000/_next/static/chunks/fallback/main.js:1612:67)
    at  (http://localhost:3000/_next/static/chunks/fallback/main.js:1613:53)
    at webpackJsonpCallback (http://localhost:3000/_next/static/chunks/fallback/webpack.js:1343:46)
    at  (http://localhost:3000/_next/static/chunks/fallback/main.js:9:61)
[   56501ms] [WARNING] [Fast Refresh] performing full reload because your application had an unrecoverable error @ webpack-internal:///(pages-dir-browser)/../../node_modules/next/dist/client/dev/hot-reloader/pages/hot-reloader-pages.js:338
[   57444ms] TypeError: Cannot read properties of null (reading 'useInsertionEffect')
    at getServerError (webpack-internal:///(pages-dir-browser)/../../node_modules/next/dist/server/dev/node-stack-frames.js:41:37)
    at hydrate/< (webpack-internal:///(pages-dir-browser)/../../node_modules/next/dist/client/index.js:644:27)
    at setTimeout handler*hydrate (webpack-internal:///(pages-dir-browser)/../../node_modules/next/dist/client/index.js:622:27)
    at async*pageBootstrap (webpack-internal:///(pages-dir-browser)/../../node_modules/next/dist/client/page-bootstrap.js:28:26)
    at  (webpack-internal:///(pages-dir-browser)/../../node_modules/next/dist/client/next-dev.js:24:45)
    at promise callback* (webpack-internal:///(pages-dir-browser)/../../node_modules/next/dist/client/next-dev.js:22:4)
    at (pages-dir-browser)/../../node_modules/next/dist/client/next-dev.js (http://localhost:3000/_next/static/chunks/fallback/main.js:314:1)
    at options.factory (http://localhost:3000/_next/static/chunks/fallback/webpack.js:667:31)
    at __webpack_require__ (http://localhost:3000/_next/static/chunks/fallback/webpack.js:29:33)
    at __webpack_exec__ (http://localhost:3000/_next/static/chunks/fallback/main.js:1612:67)
    at  (http://localhost:3000/_next/static/chunks/fallback/main.js:1613:53)
    at webpackJsonpCallback (http://localhost:3000/_next/static/chunks/fallback/webpack.js:1343:46)
    at  (http://localhost:3000/_next/static/chunks/fallback/main.js:9:61)
[   58154ms] TypeError: Cannot read properties of null (reading 'useInsertionEffect')
    at getServerError (webpack-internal:///(pages-dir-browser)/../../node_modules/next/dist/server/dev/node-stack-frames.js:41:37)
    at hydrate/< (webpack-internal:///(pages-dir-browser)/../../node_modules/next/dist/client/index.js:644:27)
    at setTimeout handler*hydrate (webpack-internal:///(pages-dir-browser)/../../node_modules/next/dist/client/index.js:622:27)
    at async*pageBootstrap (webpack-internal:///(pages-dir-browser)/../../node_modules/next/dist/client/page-bootstrap.js:28:26)
    at  (webpack-internal:///(pages-dir-browser)/../../node_modules/next/dist/client/next-dev.js:24:45)
    at promise callback* (webpack-internal:///(pages-dir-browser)/../../node_modules/next/dist/client/next-dev.js:22:4)
    at (pages-dir-browser)/../../node_modules/next/dist/client/next-dev.js (http://localhost:3000/_next/static/chunks/fallback/main.js:314:1)
    at options.factory (http://localhost:3000/_next/static/chunks/fallback/webpack.js:667:31)
    at __webpack_require__ (http://localhost:3000/_next/static/chunks/fallback/webpack.js:29:33)
    at __webpack_exec__ (http://localhost:3000/_next/static/chunks/fallback/main.js:1612:67)
    at  (http://localhost:3000/_next/static/chunks/fallback/main.js:1613:53)
    at webpackJsonpCallback (http://localhost:3000/_next/static/chunks/fallback/webpack.js:1343:46)
    at  (http://localhost:3000/_next/static/chunks/fallback/main.js:9:61)
[   58899ms] TypeError: Cannot read properties of null (reading 'useInsertionEffect')
    at getServerError (webpack-internal:///(pages-dir-browser)/../../node_modules/next/dist/server/dev/node-stack-frames.js:41:37)
    at hydrate/< (webpack-internal:///(pages-dir-browser)/../../node_modules/next/dist/client/index.js:644:27)
    at setTimeout handler*hydrate (webpack-internal:///(pages-dir-browser)/../../node_modules/next/dist/client/index.js:622:27)
    at async*pageBootstrap (webpack-internal:///(pages-dir-browser)/../../node_modules/next/dist/client/page-bootstrap.js:28:26)
    at  (webpack-internal:///(pages-dir-browser)/../../node_modules/next/dist/client/next-dev.js:24:45)
    at promise callback* (webpack-internal:///(pages-dir-browser)/../../node_modules/next/dist/client/next-dev.js:22:4)
    at (pages-dir-browser)/../../node_modules/next/dist/client/next-dev.js (http://localhost:3000/_next/static/chunks/fallback/main.js:314:1)
    at options.factory (http://localhost:3000/_next/static/chunks/fallback/webpack.js:667:31)
    at __webpack_require__ (http://localhost:3000/_next/static/chunks/fallback/webpack.js:29:33)
    at __webpack_exec__ (http://localhost:3000/_next/static/chunks/fallback/main.js:1612:67)
    at  (http://localhost:3000/_next/static/chunks/fallback/main.js:1613:53)
    at webpackJsonpCallback (http://localhost:3000/_next/static/chunks/fallback/webpack.js:1343:46)
    at  (http://localhost:3000/_next/static/chunks/fallback/main.js:9:61)
[   58929ms] [WARNING] [Fast Refresh] performing full reload because your application had an unrecoverable error @ webpack-internal:///(pages-dir-browser)/../../node_modules/next/dist/client/dev/hot-reloader/pages/hot-reloader-pages.js:338
[   59986ms] TypeError: Cannot read properties of null (reading 'useInsertionEffect')
    at getServerError (webpack-internal:///(pages-dir-browser)/../../node_modules/next/dist/server/dev/node-stack-frames.js:41:37)
    at hydrate/< (webpack-internal:///(pages-dir-browser)/../../node_modules/next/dist/client/index.js:644:27)
    at setTimeout handler*hydrate (webpack-internal:///(pages-dir-browser)/../../node_modules/next/dist/client/index.js:622:27)
    at async*pageBootstrap (webpack-internal:///(pages-dir-browser)/../../node_modules/next/dist/client/page-bootstrap.js:28:26)
    at  (webpack-internal:///(pages-dir-browser)/../../node_modules/next/dist/client/next-dev.js:24:45)
    at promise callback* (webpack-internal:///(pages-dir-browser)/../../node_modules/next/dist/client/next-dev.js:22:4)
    at (pages-dir-browser)/../../node_modules/next/dist/client/next-dev.js (http://localhost:3000/_next/static/chunks/fallback/main.js:314:1)
    at options.factory (http://localhost:3000/_next/static/chunks/fallback/webpack.js:667:31)
    at __webpack_require__ (http://localhost:3000/_next/static/chunks/fallback/webpack.js:29:33)
    at __webpack_exec__ (http://localhost:3000/_next/static/chunks/fallback/main.js:1612:67)
    at  (http://localhost:3000/_next/static/chunks/fallback/main.js:1613:53)
    at webpackJsonpCallback (http://localhost:3000/_next/static/chunks/fallback/webpack.js:1343:46)
    at  (http://localhost:3000/_next/static/chunks/fallback/main.js:9:61)
[   60036ms] AbortError: The operation was aborted. 

[   60536ms] TypeError: Cannot read properties of null (reading 'useInsertionEffect')
    at getServerError (webpack-internal:///(pages-dir-browser)/../../node_modules/next/dist/server/dev/node-stack-frames.js:41:37)
    at hydrate/< (webpack-internal:///(pages-dir-browser)/../../node_modules/next/dist/client/index.js:644:27)
    at setTimeout handler*hydrate (webpack-internal:///(pages-dir-browser)/../../node_modules/next/dist/client/index.js:622:27)
    at async*pageBootstrap (webpack-internal:///(pages-dir-browser)/../../node_modules/next/dist/client/page-bootstrap.js:28:26)
    at  (webpack-internal:///(pages-dir-browser)/../../node_modules/next/dist/client/next-dev.js:24:45)
    at promise callback* (webpack-internal:///(pages-dir-browser)/../../node_modules/next/dist/client/next-dev.js:22:4)
    at (pages-dir-browser)/../../node_modules/next/dist/client/next-dev.js (http://localhost:3000/_next/static/chunks/fallback/main.js:314:1)
    at options.factory (http://localhost:3000/_next/static/chunks/fallback/webpack.js:667:31)
    at __webpack_require__ (http://localhost:3000/_next/static/chunks/fallback/webpack.js:29:33)
    at __webpack_exec__ (http://localhost:3000/_next/static/chunks/fallback/main.js:1612:67)
    at  (http://localhost:3000/_next/static/chunks/fallback/main.js:1613:53)
    at webpackJsonpCallback (http://localhost:3000/_next/static/chunks/fallback/webpack.js:1343:46)
    at  (http://localhost:3000/_next/static/chunks/fallback/main.js:9:61)
[   60681ms] [WARNING] [Fast Refresh] performing full reload

Fast Refresh will perform a full reload when you edit a file that's imported by modules outside of the React rendering tree.
You might have a file which exports a React component but also exports a value that is imported by a non-React component file.
Consider migrating the non-React component export to a separate file and importing it into both files.

It is also possible the parent component of the component you edited is a class component, which disables Fast Refresh.
Fast Refresh requires at least one parent function component in your React tree. @ webpack-internal:///(pages-dir-browser)/../../node_modules/next/dist/client/dev/hot-reloader/pages/hot-reloader-pages.js:336
[   61563ms] TypeError: Cannot read properties of null (reading 'useInsertionEffect')
    at getServerError (webpack-internal:///(pages-dir-browser)/../../node_modules/next/dist/server/dev/node-stack-frames.js:41:37)
    at hydrate/< (webpack-internal:///(pages-dir-browser)/../../node_modules/next/dist/client/index.js:644:27)
    at setTimeout handler*hydrate (webpack-internal:///(pages-dir-browser)/../../node_modules/next/dist/client/index.js:622:27)
    at async*pageBootstrap (webpack-internal:///(pages-dir-browser)/../../node_modules/next/dist/client/page-bootstrap.js:28:26)
    at  (webpack-internal:///(pages-dir-browser)/../../node_modules/next/dist/client/next-dev.js:24:45)
    at promise callback* (webpack-internal:///(pages-dir-browser)/../../node_modules/next/dist/client/next-dev.js:22:4)
    at (pages-dir-browser)/../../node_modules/next/dist/client/next-dev.js (http://localhost:3000/_next/static/chunks/fallback/main.js:314:1)
    at options.factory (http://localhost:3000/_next/static/chunks/fallback/webpack.js:667:31)
    at __webpack_require__ (http://localhost:3000/_next/static/chunks/fallback/webpack.js:29:33)
    at __webpack_exec__ (http://localhost:3000/_next/static/chunks/fallback/main.js:1612:67)
    at  (http://localhost:3000/_next/static/chunks/fallback/main.js:1613:53)
    at webpackJsonpCallback (http://localhost:3000/_next/static/chunks/fallback/webpack.js:1343:46)
    at  (http://localhost:3000/_next/static/chunks/fallback/main.js:9:61)
[   62235ms] TypeError: Cannot read properties of null (reading 'useInsertionEffect')
    at getServerError (webpack-internal:///(pages-dir-browser)/../../node_modules/next/dist/server/dev/node-stack-frames.js:41:37)
    at hydrate/< (webpack-internal:///(pages-dir-browser)/../../node_modules/next/dist/client/index.js:644:27)
    at setTimeout handler*hydrate (webpack-internal:///(pages-dir-browser)/../../node_modules/next/dist/client/index.js:622:27)
    at async*pageBootstrap (webpack-internal:///(pages-dir-browser)/../../node_modules/next/dist/client/page-bootstrap.js:28:26)
    at  (webpack-internal:///(pages-dir-browser)/../../node_modules/next/dist/client/next-dev.js:24:45)
    at promise callback* (webpack-internal:///(pages-dir-browser)/../../node_modules/next/dist/client/next-dev.js:22:4)
    at (pages-dir-browser)/../../node_modules/next/dist/client/next-dev.js (http://localhost:3000/_next/static/chunks/fallback/main.js:314:1)
    at options.factory (http://localhost:3000/_next/static/chunks/fallback/webpack.js:667:31)
    at __webpack_require__ (http://localhost:3000/_next/static/chunks/fallback/webpack.js:29:33)
    at __webpack_exec__ (http://localhost:3000/_next/static/chunks/fallback/main.js:1612:67)
    at  (http://localhost:3000/_next/static/chunks/fallback/main.js:1613:53)
    at webpackJsonpCallback (http://localhost:3000/_next/static/chunks/fallback/webpack.js:1343:46)
    at  (http://localhost:3000/_next/static/chunks/fallback/main.js:9:61)
[   62265ms] [WARNING] [Fast Refresh] performing full reload because your application had an unrecoverable error @ webpack-internal:///(pages-dir-browser)/../../node_modules/next/dist/client/dev/hot-reloader/pages/hot-reloader-pages.js:338
[   62821ms] TypeError: Cannot read properties of null (reading 'useInsertionEffect')
    at getServerError (webpack-internal:///(pages-dir-browser)/../../node_modules/next/dist/server/dev/node-stack-frames.js:41:37)
    at hydrate/< (webpack-internal:///(pages-dir-browser)/../../node_modules/next/dist/client/index.js:644:27)
    at setTimeout handler*hydrate (webpack-internal:///(pages-dir-browser)/../../node_modules/next/dist/client/index.js:622:27)
    at async*pageBootstrap (webpack-internal:///(pages-dir-browser)/../../node_modules/next/dist/client/page-bootstrap.js:28:26)
    at  (webpack-internal:///(pages-dir-browser)/../../node_modules/next/dist/client/next-dev.js:24:45)
    at promise callback* (webpack-internal:///(pages-dir-browser)/../../node_modules/next/dist/client/next-dev.js:22:4)
    at (pages-dir-browser)/../../node_modules/next/dist/client/next-dev.js (http://localhost:3000/_next/static/chunks/fallback/main.js:314:1)
    at options.factory (http://localhost:3000/_next/static/chunks/fallback/webpack.js:667:31)
    at __webpack_require__ (http://localhost:3000/_next/static/chunks/fallback/webpack.js:29:33)
    at __webpack_exec__ (http://localhost:3000/_next/static/chunks/fallback/main.js:1612:67)
    at  (http://localhost:3000/_next/static/chunks/fallback/main.js:1613:53)
    at webpackJsonpCallback (http://localhost:3000/_next/static/chunks/fallback/webpack.js:1343:46)
    at  (http://localhost:3000/_next/static/chunks/fallback/main.js:9:61)
[   62869ms] [WARNING] [Fast Refresh] performing full reload because your application had an unrecoverable error @ webpack-internal:///(pages-dir-browser)/../../node_modules/next/dist/client/dev/hot-reloader/pages/hot-reloader-pages.js:338
[   63738ms] TypeError: Cannot read properties of null (reading 'useInsertionEffect')
    at getServerError (webpack-internal:///(pages-dir-browser)/../../node_modules/next/dist/server/dev/node-stack-frames.js:41:37)
    at hydrate/< (webpack-internal:///(pages-dir-browser)/../../node_modules/next/dist/client/index.js:644:27)
    at setTimeout handler*hydrate (webpack-internal:///(pages-dir-browser)/../../node_modules/next/dist/client/index.js:622:27)
    at async*pageBootstrap (webpack-internal:///(pages-dir-browser)/../../node_modules/next/dist/client/page-bootstrap.js:28:26)
    at  (webpack-internal:///(pages-dir-browser)/../../node_modules/next/dist/client/next-dev.js:24:45)
    at promise callback* (webpack-internal:///(pages-dir-browser)/../../node_modules/next/dist/client/next-dev.js:22:4)
    at (pages-dir-browser)/../../node_modules/next/dist/client/next-dev.js (http://localhost:3000/_next/static/chunks/fallback/main.js:314:1)
    at options.factory (http://localhost:3000/_next/static/chunks/fallback/webpack.js:667:31)
    at __webpack_require__ (http://localhost:3000/_next/static/chunks/fallback/webpack.js:29:33)
    at __webpack_exec__ (http://localhost:3000/_next/static/chunks/fallback/main.js:1612:67)
    at  (http://localhost:3000/_next/static/chunks/fallback/main.js:1613:53)
    at webpackJsonpCallback (http://localhost:3000/_next/static/chunks/fallback/webpack.js:1343:46)
    at  (http://localhost:3000/_next/static/chunks/fallback/main.js:9:61)
[   63899ms] [WARNING] [Fast Refresh] performing full reload

Fast Refresh will perform a full reload when you edit a file that's imported by modules outside of the React rendering tree.
You might have a file which exports a React component but also exports a value that is imported by a non-React component file.
Consider migrating the non-React component export to a separate file and importing it into both files.

It is also possible the parent component of the component you edited is a class component, which disables Fast Refresh.
Fast Refresh requires at least one parent function component in your React tree. @ webpack-internal:///(pages-dir-browser)/../../node_modules/next/dist/client/dev/hot-reloader/pages/hot-reloader-pages.js:336
[   64586ms] TypeError: Cannot read properties of null (reading 'useInsertionEffect')
    at getServerError (webpack-internal:///(pages-dir-browser)/../../node_modules/next/dist/server/dev/node-stack-frames.js:41:37)
    at hydrate/< (webpack-internal:///(pages-dir-browser)/../../node_modules/next/dist/client/index.js:644:27)
    at setTimeout handler*hydrate (webpack-internal:///(pages-dir-browser)/../../node_modules/next/dist/client/index.js:622:27)
    at async*pageBootstrap (webpack-internal:///(pages-dir-browser)/../../node_modules/next/dist/client/page-bootstrap.js:28:26)
    at  (webpack-internal:///(pages-dir-browser)/../../node_modules/next/dist/client/next-dev.js:24:45)
    at promise callback* (webpack-internal:///(pages-dir-browser)/../../node_modules/next/dist/client/next-dev.js:22:4)
    at (pages-dir-browser)/../../node_modules/next/dist/client/next-dev.js (http://localhost:3000/_next/static/chunks/fallback/main.js:314:1)
    at options.factory (http://localhost:3000/_next/static/chunks/fallback/webpack.js:667:31)
    at __webpack_require__ (http://localhost:3000/_next/static/chunks/fallback/webpack.js:29:33)
    at __webpack_exec__ (http://localhost:3000/_next/static/chunks/fallback/main.js:1612:67)
    at  (http://localhost:3000/_next/static/chunks/fallback/main.js:1613:53)
    at webpackJsonpCallback (http://localhost:3000/_next/static/chunks/fallback/webpack.js:1343:46)
    at  (http://localhost:3000/_next/static/chunks/fallback/main.js:9:61)
[   65161ms] TypeError: Cannot read properties of null (reading 'useInsertionEffect')
    at getServerError (webpack-internal:///(pages-dir-browser)/../../node_modules/next/dist/server/dev/node-stack-frames.js:41:37)
    at hydrate/< (webpack-internal:///(pages-dir-browser)/../../node_modules/next/dist/client/index.js:644:27)
    at setTimeout handler*hydrate (webpack-internal:///(pages-dir-browser)/../../node_modules/next/dist/client/index.js:622:27)
    at async*pageBootstrap (webpack-internal:///(pages-dir-browser)/../../node_modules/next/dist/client/page-bootstrap.js:28:26)
    at  (webpack-internal:///(pages-dir-browser)/../../node_modules/next/dist/client/next-dev.js:24:45)
    at promise callback* (webpack-internal:///(pages-dir-browser)/../../node_modules/next/dist/client/next-dev.js:22:4)
    at (pages-dir-browser)/../../node_modules/next/dist/client/next-dev.js (http://localhost:3000/_next/static/chunks/fallback/main.js:314:1)
    at options.factory (http://localhost:3000/_next/static/chunks/fallback/webpack.js:667:31)
    at __webpack_require__ (http://localhost:3000/_next/static/chunks/fallback/webpack.js:29:33)
    at __webpack_exec__ (http://localhost:3000/_next/static/chunks/fallback/main.js:1612:67)
    at  (http://localhost:3000/_next/static/chunks/fallback/main.js:1613:53)
    at webpackJsonpCallback (http://localhost:3000/_next/static/chunks/fallback/webpack.js:1343:46)
    at  (http://localhost:3000/_next/static/chunks/fallback/main.js:9:61)
[   65190ms] [WARNING] [Fast Refresh] performing full reload because your application had an unrecoverable error @ webpack-internal:///(pages-dir-browser)/../../node_modules/next/dist/client/dev/hot-reloader/pages/hot-reloader-pages.js:338
[   65794ms] TypeError: Cannot read properties of null (reading 'useInsertionEffect')
    at getServerError (webpack-internal:///(pages-dir-browser)/../../node_modules/next/dist/server/dev/node-stack-frames.js:41:37)
    at hydrate/< (webpack-internal:///(pages-dir-browser)/../../node_modules/next/dist/client/index.js:644:27)
    at setTimeout handler*hydrate (webpack-internal:///(pages-dir-browser)/../../node_modules/next/dist/client/index.js:622:27)
    at async*pageBootstrap (webpack-internal:///(pages-dir-browser)/../../node_modules/next/dist/client/page-bootstrap.js:28:26)
    at  (webpack-internal:///(pages-dir-browser)/../../node_modules/next/dist/client/next-dev.js:24:45)
    at promise callback* (webpack-internal:///(pages-dir-browser)/../../node_modules/next/dist/client/next-dev.js:22:4)
    at (pages-dir-browser)/../../node_modules/next/dist/client/next-dev.js (http://localhost:3000/_next/static/chunks/fallback/main.js:314:1)
    at options.factory (http://localhost:3000/_next/static/chunks/fallback/webpack.js:667:31)
    at __webpack_require__ (http://localhost:3000/_next/static/chunks/fallback/webpack.js:29:33)
    at __webpack_exec__ (http://localhost:3000/_next/static/chunks/fallback/main.js:1612:67)
    at  (http://localhost:3000/_next/static/chunks/fallback/main.js:1613:53)
    at webpackJsonpCallback (http://localhost:3000/_next/static/chunks/fallback/webpack.js:1343:46)
    at  (http://localhost:3000/_next/static/chunks/fallback/main.js:9:61)
[   65952ms] [WARNING] [Fast Refresh] performing full reload

Fast Refresh will perform a full reload when you edit a file that's imported by modules outside of the React rendering tree.
You might have a file which exports a React component but also exports a value that is imported by a non-React component file.
Consider migrating the non-React component export to a separate file and importing it into both files.

It is also possible the parent component of the component you edited is a class component, which disables Fast Refresh.
Fast Refresh requires at least one parent function component in your React tree. @ webpack-internal:///(pages-dir-browser)/../../node_modules/next/dist/client/dev/hot-reloader/pages/hot-reloader-pages.js:336
[   66708ms] TypeError: Cannot read properties of null (reading 'useInsertionEffect')
    at getServerError (webpack-internal:///(pages-dir-browser)/../../node_modules/next/dist/server/dev/node-stack-frames.js:41:37)
    at hydrate/< (webpack-internal:///(pages-dir-browser)/../../node_modules/next/dist/client/index.js:644:27)
    at setTimeout handler*hydrate (webpack-internal:///(pages-dir-browser)/../../node_modules/next/dist/client/index.js:622:27)
    at async*pageBootstrap (webpack-internal:///(pages-dir-browser)/../../node_modules/next/dist/client/page-bootstrap.js:28:26)
    at  (webpack-internal:///(pages-dir-browser)/../../node_modules/next/dist/client/next-dev.js:24:45)
    at promise callback* (webpack-internal:///(pages-dir-browser)/../../node_modules/next/dist/client/next-dev.js:22:4)
    at (pages-dir-browser)/../../node_modules/next/dist/client/next-dev.js (http://localhost:3000/_next/static/chunks/fallback/main.js:314:1)
    at options.factory (http://localhost:3000/_next/static/chunks/fallback/webpack.js:667:31)
    at __webpack_require__ (http://localhost:3000/_next/static/chunks/fallback/webpack.js:29:33)
    at __webpack_exec__ (http://localhost:3000/_next/static/chunks/fallback/main.js:1612:67)
    at  (http://localhost:3000/_next/static/chunks/fallback/main.js:1613:53)
    at webpackJsonpCallback (http://localhost:3000/_next/static/chunks/fallback/webpack.js:1343:46)
    at  (http://localhost:3000/_next/static/chunks/fallback/main.js:9:61)
[   66740ms] [WARNING] [Fast Refresh] performing full reload because your application had an unrecoverable error @ webpack-internal:///(pages-dir-browser)/../../node_modules/next/dist/client/dev/hot-reloader/pages/hot-reloader-pages.js:338
[   67654ms] TypeError: Cannot read properties of null (reading 'useInsertionEffect')
    at getServerError (webpack-internal:///(pages-dir-browser)/../../node_modules/next/dist/server/dev/node-stack-frames.js:41:37)
    at hydrate/< (webpack-internal:///(pages-dir-browser)/../../node_modules/next/dist/client/index.js:644:27)
    at setTimeout handler*hydrate (webpack-internal:///(pages-dir-browser)/../../node_modules/next/dist/client/index.js:622:27)
    at async*pageBootstrap (webpack-internal:///(pages-dir-browser)/../../node_modules/next/dist/client/page-bootstrap.js:28:26)
    at  (webpack-internal:///(pages-dir-browser)/../../node_modules/next/dist/client/next-dev.js:24:45)
    at promise callback* (webpack-internal:///(pages-dir-browser)/../../node_modules/next/dist/client/next-dev.js:22:4)
    at (pages-dir-browser)/../../node_modules/next/dist/client/next-dev.js (http://localhost:3000/_next/static/chunks/fallback/main.js:314:1)
    at options.factory (http://localhost:3000/_next/static/chunks/fallback/webpack.js:667:31)
    at __webpack_require__ (http://localhost:3000/_next/static/chunks/fallback/webpack.js:29:33)
    at __webpack_exec__ (http://localhost:3000/_next/static/chunks/fallback/main.js:1612:67)
    at  (http://localhost:3000/_next/static/chunks/fallback/main.js:1613:53)
    at webpackJsonpCallback (http://localhost:3000/_next/static/chunks/fallback/webpack.js:1343:46)
    at  (http://localhost:3000/_next/static/chunks/fallback/main.js:9:61)
[   68352ms] TypeError: Cannot read properties of null (reading 'useInsertionEffect')
    at getServerError (webpack-internal:///(pages-dir-browser)/../../node_modules/next/dist/server/dev/node-stack-frames.js:41:37)
    at hydrate/< (webpack-internal:///(pages-dir-browser)/../../node_modules/next/dist/client/index.js:644:27)
    at setTimeout handler*hydrate (webpack-internal:///(pages-dir-browser)/../../node_modules/next/dist/client/index.js:622:27)
    at async*pageBootstrap (webpack-internal:///(pages-dir-browser)/../../node_modules/next/dist/client/page-bootstrap.js:28:26)
    at  (webpack-internal:///(pages-dir-browser)/../../node_modules/next/dist/client/next-dev.js:24:45)
    at promise callback* (webpack-internal:///(pages-dir-browser)/../../node_modules/next/dist/client/next-dev.js:22:4)
    at (pages-dir-browser)/../../node_modules/next/dist/client/next-dev.js (http://localhost:3000/_next/static/chunks/fallback/main.js:314:1)
    at options.factory (http://localhost:3000/_next/static/chunks/fallback/webpack.js:667:31)
    at __webpack_require__ (http://localhost:3000/_next/static/chunks/fallback/webpack.js:29:33)
    at __webpack_exec__ (http://localhost:3000/_next/static/chunks/fallback/main.js:1612:67)
    at  (http://localhost:3000/_next/static/chunks/fallback/main.js:1613:53)
    at webpackJsonpCallback (http://localhost:3000/_next/static/chunks/fallback/webpack.js:1343:46)
    at  (http://localhost:3000/_next/static/chunks/fallback/main.js:9:61)
[   68921ms] TypeError: Cannot read properties of null (reading 'useInsertionEffect')
    at getServerError (webpack-internal:///(pages-dir-browser)/../../node_modules/next/dist/server/dev/node-stack-frames.js:41:37)
    at hydrate/< (webpack-internal:///(pages-dir-browser)/../../node_modules/next/dist/client/index.js:644:27)
    at setTimeout handler*hydrate (webpack-internal:///(pages-dir-browser)/../../node_modules/next/dist/client/index.js:622:27)
    at async*pageBootstrap (webpack-internal:///(pages-dir-browser)/../../node_modules/next/dist/client/page-bootstrap.js:28:26)
    at  (webpack-internal:///(pages-dir-browser)/../../node_modules/next/dist/client/next-dev.js:24:45)
    at promise callback* (webpack-internal:///(pages-dir-browser)/../../node_modules/next/dist/client/next-dev.js:22:4)
    at (pages-dir-browser)/../../node_modules/next/dist/client/next-dev.js (http://localhost:3000/_next/static/chunks/fallback/main.js:314:1)
    at options.factory (http://localhost:3000/_next/static/chunks/fallback/webpack.js:667:31)
    at __webpack_require__ (http://localhost:3000/_next/static/chunks/fallback/webpack.js:29:33)
    at __webpack_exec__ (http://localhost:3000/_next/static/chunks/fallback/main.js:1612:67)
    at  (http://localhost:3000/_next/static/chunks/fallback/main.js:1613:53)
    at webpackJsonpCallback (http://localhost:3000/_next/static/chunks/fallback/webpack.js:1343:46)
    at  (http://localhost:3000/_next/static/chunks/fallback/main.js:9:61)
[   68986ms] [WARNING] [Fast Refresh] performing full reload because your application had an unrecoverable error @ webpack-internal:///(pages-dir-browser)/../../node_modules/next/dist/client/dev/hot-reloader/pages/hot-reloader-pages.js:338
[   69562ms] TypeError: Cannot read properties of null (reading 'useInsertionEffect')
    at getServerError (webpack-internal:///(pages-dir-browser)/../../node_modules/next/dist/server/dev/node-stack-frames.js:41:37)
    at hydrate/< (webpack-internal:///(pages-dir-browser)/../../node_modules/next/dist/client/index.js:644:27)
    at setTimeout handler*hydrate (webpack-internal:///(pages-dir-browser)/../../node_modules/next/dist/client/index.js:622:27)
    at async*pageBootstrap (webpack-internal:///(pages-dir-browser)/../../node_modules/next/dist/client/page-bootstrap.js:28:26)
    at  (webpack-internal:///(pages-dir-browser)/../../node_modules/next/dist/client/next-dev.js:24:45)
    at promise callback* (webpack-internal:///(pages-dir-browser)/../../node_modules/next/dist/client/next-dev.js:22:4)
    at (pages-dir-browser)/../../node_modules/next/dist/client/next-dev.js (http://localhost:3000/_next/static/chunks/fallback/main.js:314:1)
    at options.factory (http://localhost:3000/_next/static/chunks/fallback/webpack.js:667:31)
    at __webpack_require__ (http://localhost:3000/_next/static/chunks/fallback/webpack.js:29:33)
    at __webpack_exec__ (http://localhost:3000/_next/static/chunks/fallback/main.js:1612:67)
    at  (http://localhost:3000/_next/static/chunks/fallback/main.js:1613:53)
    at webpackJsonpCallback (http://localhost:3000/_next/static/chunks/fallback/webpack.js:1343:46)
    at  (http://localhost:3000/_next/static/chunks/fallback/main.js:9:61)
[   70238ms] TypeError: Cannot read properties of null (reading 'useInsertionEffect')
    at getServerError (webpack-internal:///(pages-dir-browser)/../../node_modules/next/dist/server/dev/node-stack-frames.js:41:37)
    at hydrate/< (webpack-internal:///(pages-dir-browser)/../../node_modules/next/dist/client/index.js:644:27)
    at setTimeout handler*hydrate (webpack-internal:///(pages-dir-browser)/../../node_modules/next/dist/client/index.js:622:27)
    at async*pageBootstrap (webpack-internal:///(pages-dir-browser)/../../node_modules/next/dist/client/page-bootstrap.js:28:26)
    at  (webpack-internal:///(pages-dir-browser)/../../node_modules/next/dist/client/next-dev.js:24:45)
    at promise callback* (webpack-internal:///(pages-dir-browser)/../../node_modules/next/dist/client/next-dev.js:22:4)
    at (pages-dir-browser)/../../node_modules/next/dist/client/next-dev.js (http://localhost:3000/_next/static/chunks/fallback/main.js:314:1)
    at options.factory (http://localhost:3000/_next/static/chunks/fallback/webpack.js:667:31)
    at __webpack_require__ (http://localhost:3000/_next/static/chunks/fallback/webpack.js:29:33)
    at __webpack_exec__ (http://localhost:3000/_next/static/chunks/fallback/main.js:1612:67)
    at  (http://localhost:3000/_next/static/chunks/fallback/main.js:1613:53)
    at webpackJsonpCallback (http://localhost:3000/_next/static/chunks/fallback/webpack.js:1343:46)
    at  (http://localhost:3000/_next/static/chunks/fallback/main.js:9:61)
[   70293ms] [WARNING] [Fast Refresh] performing full reload because your application had an unrecoverable error @ webpack-internal:///(pages-dir-browser)/../../node_modules/next/dist/client/dev/hot-reloader/pages/hot-reloader-pages.js:338
[   71196ms] TypeError: Cannot read properties of null (reading 'useInsertionEffect')
    at getServerError (webpack-internal:///(pages-dir-browser)/../../node_modules/next/dist/server/dev/node-stack-frames.js:41:37)
    at hydrate/< (webpack-internal:///(pages-dir-browser)/../../node_modules/next/dist/client/index.js:644:27)
    at setTimeout handler*hydrate (webpack-internal:///(pages-dir-browser)/../../node_modules/next/dist/client/index.js:622:27)
    at async*pageBootstrap (webpack-internal:///(pages-dir-browser)/../../node_modules/next/dist/client/page-bootstrap.js:28:26)
    at  (webpack-internal:///(pages-dir-browser)/../../node_modules/next/dist/client/next-dev.js:24:45)
    at promise callback* (webpack-internal:///(pages-dir-browser)/../../node_modules/next/dist/client/next-dev.js:22:4)
    at (pages-dir-browser)/../../node_modules/next/dist/client/next-dev.js (http://localhost:3000/_next/static/chunks/fallback/main.js:314:1)
    at options.factory (http://localhost:3000/_next/static/chunks/fallback/webpack.js:667:31)
    at __webpack_require__ (http://localhost:3000/_next/static/chunks/fallback/webpack.js:29:33)
    at __webpack_exec__ (http://localhost:3000/_next/static/chunks/fallback/main.js:1612:67)
    at  (http://localhost:3000/_next/static/chunks/fallback/main.js:1613:53)
    at webpackJsonpCallback (http://localhost:3000/_next/static/chunks/fallback/webpack.js:1343:46)
    at  (http://localhost:3000/_next/static/chunks/fallback/main.js:9:61)
[   71889ms] TypeError: Cannot read properties of null (reading 'useInsertionEffect')
    at getServerError (webpack-internal:///(pages-dir-browser)/../../node_modules/next/dist/server/dev/node-stack-frames.js:41:37)
    at hydrate/< (webpack-internal:///(pages-dir-browser)/../../node_modules/next/dist/client/index.js:644:27)
    at setTimeout handler*hydrate (webpack-internal:///(pages-dir-browser)/../../node_modules/next/dist/client/index.js:622:27)
    at async*pageBootstrap (webpack-internal:///(pages-dir-browser)/../../node_modules/next/dist/client/page-bootstrap.js:28:26)
    at  (webpack-internal:///(pages-dir-browser)/../../node_modules/next/dist/client/next-dev.js:24:45)
    at promise callback* (webpack-internal:///(pages-dir-browser)/../../node_modules/next/dist/client/next-dev.js:22:4)
    at (pages-dir-browser)/../../node_modules/next/dist/client/next-dev.js (http://localhost:3000/_next/static/chunks/fallback/main.js:314:1)
    at options.factory (http://localhost:3000/_next/static/chunks/fallback/webpack.js:667:31)
    at __webpack_require__ (http://localhost:3000/_next/static/chunks/fallback/webpack.js:29:33)
    at __webpack_exec__ (http://localhost:3000/_next/static/chunks/fallback/main.js:1612:67)
    at  (http://localhost:3000/_next/static/chunks/fallback/main.js:1613:53)
    at webpackJsonpCallback (http://localhost:3000/_next/static/chunks/fallback/webpack.js:1343:46)
    at  (http://localhost:3000/_next/static/chunks/fallback/main.js:9:61)
[   71906ms] [WARNING] [Fast Refresh] performing full reload because your application had an unrecoverable error @ webpack-internal:///(pages-dir-browser)/../../node_modules/next/dist/client/dev/hot-reloader/pages/hot-reloader-pages.js:338
[   72483ms] TypeError: Cannot read properties of null (reading 'useInsertionEffect')
    at getServerError (webpack-internal:///(pages-dir-browser)/../../node_modules/next/dist/server/dev/node-stack-frames.js:41:37)
    at hydrate/< (webpack-internal:///(pages-dir-browser)/../../node_modules/next/dist/client/index.js:644:27)
    at setTimeout handler*hydrate (webpack-internal:///(pages-dir-browser)/../../node_modules/next/dist/client/index.js:622:27)
    at async*pageBootstrap (webpack-internal:///(pages-dir-browser)/../../node_modules/next/dist/client/page-bootstrap.js:28:26)
    at  (webpack-internal:///(pages-dir-browser)/../../node_modules/next/dist/client/next-dev.js:24:45)
    at promise callback* (webpack-internal:///(pages-dir-browser)/../../node_modules/next/dist/client/next-dev.js:22:4)
    at (pages-dir-browser)/../../node_modules/next/dist/client/next-dev.js (http://localhost:3000/_next/static/chunks/fallback/main.js:314:1)
    at options.factory (http://localhost:3000/_next/static/chunks/fallback/webpack.js:667:31)
    at __webpack_require__ (http://localhost:3000/_next/static/chunks/fallback/webpack.js:29:33)
    at __webpack_exec__ (http://localhost:3000/_next/static/chunks/fallback/main.js:1612:67)
    at  (http://localhost:3000/_next/static/chunks/fallback/main.js:1613:53)
    at webpackJsonpCallback (http://localhost:3000/_next/static/chunks/fallback/webpack.js:1343:46)
    at  (http://localhost:3000/_next/static/chunks/fallback/main.js:9:61)
[   72524ms] [WARNING] [Fast Refresh] performing full reload because your application had an unrecoverable error @ webpack-internal:///(pages-dir-browser)/../../node_modules/next/dist/client/dev/hot-reloader/pages/hot-reloader-pages.js:338
[   73551ms] TypeError: Cannot read properties of null (reading 'useInsertionEffect')
    at getServerError (webpack-internal:///(pages-dir-browser)/../../node_modules/next/dist/server/dev/node-stack-frames.js:41:37)
    at hydrate/< (webpack-internal:///(pages-dir-browser)/../../node_modules/next/dist/client/index.js:644:27)
    at setTimeout handler*hydrate (webpack-internal:///(pages-dir-browser)/../../node_modules/next/dist/client/index.js:622:27)
    at async*pageBootstrap (webpack-internal:///(pages-dir-browser)/../../node_modules/next/dist/client/page-bootstrap.js:28:26)
    at  (webpack-internal:///(pages-dir-browser)/../../node_modules/next/dist/client/next-dev.js:24:45)
    at promise callback* (webpack-internal:///(pages-dir-browser)/../../node_modules/next/dist/client/next-dev.js:22:4)
    at (pages-dir-browser)/../../node_modules/next/dist/client/next-dev.js (http://localhost:3000/_next/static/chunks/fallback/main.js:314:1)
    at options.factory (http://localhost:3000/_next/static/chunks/fallback/webpack.js:667:31)
    at __webpack_require__ (http://localhost:3000/_next/static/chunks/fallback/webpack.js:29:33)
    at __webpack_exec__ (http://localhost:3000/_next/static/chunks/fallback/main.js:1612:67)
    at  (http://localhost:3000/_next/static/chunks/fallback/main.js:1613:53)
    at webpackJsonpCallback (http://localhost:3000/_next/static/chunks/fallback/webpack.js:1343:46)
    at  (http://localhost:3000/_next/static/chunks/fallback/main.js:9:61)
[   73619ms] [WARNING] [Fast Refresh] performing full reload

Fast Refresh will perform a full reload when you edit a file that's imported by modules outside of the React rendering tree.
You might have a file which exports a React component but also exports a value that is imported by a non-React component file.
Consider migrating the non-React component export to a separate file and importing it into both files.

It is also possible the parent component of the component you edited is a class component, which disables Fast Refresh.
Fast Refresh requires at least one parent function component in your React tree. @ webpack-internal:///(pages-dir-browser)/../../node_modules/next/dist/client/dev/hot-reloader/pages/hot-reloader-pages.js:336
[   74181ms] TypeError: Cannot read properties of null (reading 'useInsertionEffect')
    at getServerError (webpack-internal:///(pages-dir-browser)/../../node_modules/next/dist/server/dev/node-stack-frames.js:41:37)
    at hydrate/< (webpack-internal:///(pages-dir-browser)/../../node_modules/next/dist/client/index.js:644:27)
    at setTimeout handler*hydrate (webpack-internal:///(pages-dir-browser)/../../node_modules/next/dist/client/index.js:622:27)
    at async*pageBootstrap (webpack-internal:///(pages-dir-browser)/../../node_modules/next/dist/client/page-bootstrap.js:28:26)
    at  (webpack-internal:///(pages-dir-browser)/../../node_modules/next/dist/client/next-dev.js:24:45)
    at promise callback* (webpack-internal:///(pages-dir-browser)/../../node_modules/next/dist/client/next-dev.js:22:4)
    at (pages-dir-browser)/../../node_modules/next/dist/client/next-dev.js (http://localhost:3000/_next/static/chunks/fallback/main.js:314:1)
    at options.factory (http://localhost:3000/_next/static/chunks/fallback/webpack.js:667:31)
    at __webpack_require__ (http://localhost:3000/_next/static/chunks/fallback/webpack.js:29:33)
    at __webpack_exec__ (http://localhost:3000/_next/static/chunks/fallback/main.js:1612:67)
    at  (http://localhost:3000/_next/static/chunks/fallback/main.js:1613:53)
    at webpackJsonpCallback (http://localhost:3000/_next/static/chunks/fallback/webpack.js:1343:46)
    at  (http://localhost:3000/_next/static/chunks/fallback/main.js:9:61)
[   74901ms] TypeError: Cannot read properties of null (reading 'useInsertionEffect')
    at getServerError (webpack-internal:///(pages-dir-browser)/../../node_modules/next/dist/server/dev/node-stack-frames.js:41:37)
    at hydrate/< (webpack-internal:///(pages-dir-browser)/../../node_modules/next/dist/client/index.js:644:27)
    at setTimeout handler*hydrate (webpack-internal:///(pages-dir-browser)/../../node_modules/next/dist/client/index.js:622:27)
    at async*pageBootstrap (webpack-internal:///(pages-dir-browser)/../../node_modules/next/dist/client/page-bootstrap.js:28:26)
    at  (webpack-internal:///(pages-dir-browser)/../../node_modules/next/dist/client/next-dev.js:24:45)
    at promise callback* (webpack-internal:///(pages-dir-browser)/../../node_modules/next/dist/client/next-dev.js:22:4)
    at (pages-dir-browser)/../../node_modules/next/dist/client/next-dev.js (http://localhost:3000/_next/static/chunks/fallback/main.js:314:1)
    at options.factory (http://localhost:3000/_next/static/chunks/fallback/webpack.js:667:31)
    at __webpack_require__ (http://localhost:3000/_next/static/chunks/fallback/webpack.js:29:33)
    at __webpack_exec__ (http://localhost:3000/_next/static/chunks/fallback/main.js:1612:67)
    at  (http://localhost:3000/_next/static/chunks/fallback/main.js:1613:53)
    at webpackJsonpCallback (http://localhost:3000/_next/static/chunks/fallback/webpack.js:1343:46)
    at  (http://localhost:3000/_next/static/chunks/fallback/main.js:9:61)
[   74947ms] [WARNING] [Fast Refresh] performing full reload because your application had an unrecoverable error @ webpack-internal:///(pages-dir-browser)/../../node_modules/next/dist/client/dev/hot-reloader/pages/hot-reloader-pages.js:338
[   75572ms] TypeError: Cannot read properties of null (reading 'useInsertionEffect')
    at getServerError (webpack-internal:///(pages-dir-browser)/../../node_modules/next/dist/server/dev/node-stack-frames.js:41:37)
    at hydrate/< (webpack-internal:///(pages-dir-browser)/../../node_modules/next/dist/client/index.js:644:27)
    at setTimeout handler*hydrate (webpack-internal:///(pages-dir-browser)/../../node_modules/next/dist/client/index.js:622:27)
    at async*pageBootstrap (webpack-internal:///(pages-dir-browser)/../../node_modules/next/dist/client/page-bootstrap.js:28:26)
    at  (webpack-internal:///(pages-dir-browser)/../../node_modules/next/dist/client/next-dev.js:24:45)
    at promise callback* (webpack-internal:///(pages-dir-browser)/../../node_modules/next/dist/client/next-dev.js:22:4)
    at (pages-dir-browser)/../../node_modules/next/dist/client/next-dev.js (http://localhost:3000/_next/static/chunks/fallback/main.js:314:1)
    at options.factory (http://localhost:3000/_next/static/chunks/fallback/webpack.js:667:31)
    at __webpack_require__ (http://localhost:3000/_next/static/chunks/fallback/webpack.js:29:33)
    at __webpack_exec__ (http://localhost:3000/_next/static/chunks/fallback/main.js:1612:67)
    at  (http://localhost:3000/_next/static/chunks/fallback/main.js:1613:53)
    at webpackJsonpCallback (http://localhost:3000/_next/static/chunks/fallback/webpack.js:1343:46)
    at  (http://localhost:3000/_next/static/chunks/fallback/main.js:9:61)
[   75656ms] [WARNING] [Fast Refresh] performing full reload

Fast Refresh will perform a full reload when you edit a file that's imported by modules outside of the React rendering tree.
You might have a file which exports a React component but also exports a value that is imported by a non-React component file.
Consider migrating the non-React component export to a separate file and importing it into both files.

It is also possible the parent component of the component you edited is a class component, which disables Fast Refresh.
Fast Refresh requires at least one parent function component in your React tree. @ webpack-internal:///(pages-dir-browser)/../../node_modules/next/dist/client/dev/hot-reloader/pages/hot-reloader-pages.js:336
[   76223ms] TypeError: Cannot read properties of null (reading 'useInsertionEffect')
    at getServerError (webpack-internal:///(pages-dir-browser)/../../node_modules/next/dist/server/dev/node-stack-frames.js:41:37)
    at hydrate/< (webpack-internal:///(pages-dir-browser)/../../node_modules/next/dist/client/index.js:644:27)
    at setTimeout handler*hydrate (webpack-internal:///(pages-dir-browser)/../../node_modules/next/dist/client/index.js:622:27)
    at async*pageBootstrap (webpack-internal:///(pages-dir-browser)/../../node_modules/next/dist/client/page-bootstrap.js:28:26)
    at  (webpack-internal:///(pages-dir-browser)/../../node_modules/next/dist/client/next-dev.js:24:45)
    at promise callback* (webpack-internal:///(pages-dir-browser)/../../node_modules/next/dist/client/next-dev.js:22:4)
    at (pages-dir-browser)/../../node_modules/next/dist/client/next-dev.js (http://localhost:3000/_next/static/chunks/fallback/main.js:314:1)
    at options.factory (http://localhost:3000/_next/static/chunks/fallback/webpack.js:667:31)
    at __webpack_require__ (http://localhost:3000/_next/static/chunks/fallback/webpack.js:29:33)
    at __webpack_exec__ (http://localhost:3000/_next/static/chunks/fallback/main.js:1612:67)
    at  (http://localhost:3000/_next/static/chunks/fallback/main.js:1613:53)
    at webpackJsonpCallback (http://localhost:3000/_next/static/chunks/fallback/webpack.js:1343:46)
    at  (http://localhost:3000/_next/static/chunks/fallback/main.js:9:61)
[   76432ms] [WARNING] [Fast Refresh] performing full reload

Fast Refresh will perform a full reload when you edit a file that's imported by modules outside of the React rendering tree.
You might have a file which exports a React component but also exports a value that is imported by a non-React component file.
Consider migrating the non-React component export to a separate file and importing it into both files.

It is also possible the parent component of the component you edited is a class component, which disables Fast Refresh.
Fast Refresh requires at least one parent function component in your React tree. @ webpack-internal:///(pages-dir-browser)/../../node_modules/next/dist/client/dev/hot-reloader/pages/hot-reloader-pages.js:336
[   77461ms] TypeError: Cannot read properties of null (reading 'useInsertionEffect')
    at getServerError (webpack-internal:///(pages-dir-browser)/../../node_modules/next/dist/server/dev/node-stack-frames.js:41:37)
    at hydrate/< (webpack-internal:///(pages-dir-browser)/../../node_modules/next/dist/client/index.js:644:27)
    at setTimeout handler*hydrate (webpack-internal:///(pages-dir-browser)/../../node_modules/next/dist/client/index.js:622:27)
    at async*pageBootstrap (webpack-internal:///(pages-dir-browser)/../../node_modules/next/dist/client/page-bootstrap.js:28:26)
    at  (webpack-internal:///(pages-dir-browser)/../../node_modules/next/dist/client/next-dev.js:24:45)
    at promise callback* (webpack-internal:///(pages-dir-browser)/../../node_modules/next/dist/client/next-dev.js:22:4)
    at (pages-dir-browser)/../../node_modules/next/dist/client/next-dev.js (http://localhost:3000/_next/static/chunks/fallback/main.js:314:1)
    at options.factory (http://localhost:3000/_next/static/chunks/fallback/webpack.js:667:31)
    at __webpack_require__ (http://localhost:3000/_next/static/chunks/fallback/webpack.js:29:33)
    at __webpack_exec__ (http://localhost:3000/_next/static/chunks/fallback/main.js:1612:67)
    at  (http://localhost:3000/_next/static/chunks/fallback/main.js:1613:53)
    at webpackJsonpCallback (http://localhost:3000/_next/static/chunks/fallback/webpack.js:1343:46)
    at  (http://localhost:3000/_next/static/chunks/fallback/main.js:9:61)
[   78606ms] TypeError: Cannot read properties of null (reading 'useInsertionEffect')
    at getServerError (webpack-internal:///(pages-dir-browser)/../../node_modules/next/dist/server/dev/node-stack-frames.js:41:37)
    at hydrate/< (webpack-internal:///(pages-dir-browser)/../../node_modules/next/dist/client/index.js:644:27)
    at setTimeout handler*hydrate (webpack-internal:///(pages-dir-browser)/../../node_modules/next/dist/client/index.js:622:27)
    at async*pageBootstrap (webpack-internal:///(pages-dir-browser)/../../node_modules/next/dist/client/page-bootstrap.js:28:26)
    at  (webpack-internal:///(pages-dir-browser)/../../node_modules/next/dist/client/next-dev.js:24:45)
    at promise callback* (webpack-internal:///(pages-dir-browser)/../../node_modules/next/dist/client/next-dev.js:22:4)
    at (pages-dir-browser)/../../node_modules/next/dist/client/next-dev.js (http://localhost:3000/_next/static/chunks/fallback/main.js:314:1)
    at options.factory (http://localhost:3000/_next/static/chunks/fallback/webpack.js:667:31)
    at __webpack_require__ (http://localhost:3000/_next/static/chunks/fallback/webpack.js:29:33)
    at __webpack_exec__ (http://localhost:3000/_next/static/chunks/fallback/main.js:1612:67)
    at  (http://localhost:3000/_next/static/chunks/fallback/main.js:1613:53)
    at webpackJsonpCallback (http://localhost:3000/_next/static/chunks/fallback/webpack.js:1343:46)
    at  (http://localhost:3000/_next/static/chunks/fallback/main.js:9:61)
[   78832ms] [WARNING] [Fast Refresh] performing full reload because your application had an unrecoverable error @ webpack-internal:///(pages-dir-browser)/../../node_modules/next/dist/client/dev/hot-reloader/pages/hot-reloader-pages.js:338
[   79812ms] TypeError: Cannot read properties of null (reading 'useInsertionEffect')
    at getServerError (webpack-internal:///(pages-dir-browser)/../../node_modules/next/dist/server/dev/node-stack-frames.js:41:37)
    at hydrate/< (webpack-internal:///(pages-dir-browser)/../../node_modules/next/dist/client/index.js:644:27)
    at setTimeout handler*hydrate (webpack-internal:///(pages-dir-browser)/../../node_modules/next/dist/client/index.js:622:27)
    at async*pageBootstrap (webpack-internal:///(pages-dir-browser)/../../node_modules/next/dist/client/page-bootstrap.js:28:26)
    at  (webpack-internal:///(pages-dir-browser)/../../node_modules/next/dist/client/next-dev.js:24:45)
    at promise callback* (webpack-internal:///(pages-dir-browser)/../../node_modules/next/dist/client/next-dev.js:22:4)
    at (pages-dir-browser)/../../node_modules/next/dist/client/next-dev.js (http://localhost:3000/_next/static/chunks/fallback/main.js:314:1)
    at options.factory (http://localhost:3000/_next/static/chunks/fallback/webpack.js:667:31)
    at __webpack_require__ (http://localhost:3000/_next/static/chunks/fallback/webpack.js:29:33)
    at __webpack_exec__ (http://localhost:3000/_next/static/chunks/fallback/main.js:1612:67)
    at  (http://localhost:3000/_next/static/chunks/fallback/main.js:1613:53)
    at webpackJsonpCallback (http://localhost:3000/_next/static/chunks/fallback/webpack.js:1343:46)
    at  (http://localhost:3000/_next/static/chunks/fallback/main.js:9:61)
[   80416ms] TypeError: Cannot read properties of null (reading 'useInsertionEffect')
    at getServerError (webpack-internal:///(pages-dir-browser)/../../node_modules/next/dist/server/dev/node-stack-frames.js:41:37)
    at hydrate/< (webpack-internal:///(pages-dir-browser)/../../node_modules/next/dist/client/index.js:644:27)
    at setTimeout handler*hydrate (webpack-internal:///(pages-dir-browser)/../../node_modules/next/dist/client/index.js:622:27)
    at async*pageBootstrap (webpack-internal:///(pages-dir-browser)/../../node_modules/next/dist/client/page-bootstrap.js:28:26)
    at  (webpack-internal:///(pages-dir-browser)/../../node_modules/next/dist/client/next-dev.js:24:45)
    at promise callback* (webpack-internal:///(pages-dir-browser)/../../node_modules/next/dist/client/next-dev.js:22:4)
    at (pages-dir-browser)/../../node_modules/next/dist/client/next-dev.js (http://localhost:3000/_next/static/chunks/fallback/main.js:314:1)
    at options.factory (http://localhost:3000/_next/static/chunks/fallback/webpack.js:667:31)
    at __webpack_require__ (http://localhost:3000/_next/static/chunks/fallback/webpack.js:29:33)
    at __webpack_exec__ (http://localhost:3000/_next/static/chunks/fallback/main.js:1612:67)
    at  (http://localhost:3000/_next/static/chunks/fallback/main.js:1613:53)
    at webpackJsonpCallback (http://localhost:3000/_next/static/chunks/fallback/webpack.js:1343:46)
    at  (http://localhost:3000/_next/static/chunks/fallback/main.js:9:61)
[   80884ms] [WARNING] [Fast Refresh] performing full reload because your application had an unrecoverable error @ webpack-internal:///(pages-dir-browser)/../../node_modules/next/dist/client/dev/hot-reloader/pages/hot-reloader-pages.js:338
[   81454ms] TypeError: Cannot read properties of null (reading 'useInsertionEffect')
    at getServerError (webpack-internal:///(pages-dir-browser)/../../node_modules/next/dist/server/dev/node-stack-frames.js:41:37)
    at hydrate/< (webpack-internal:///(pages-dir-browser)/../../node_modules/next/dist/client/index.js:644:27)
    at setTimeout handler*hydrate (webpack-internal:///(pages-dir-browser)/../../node_modules/next/dist/client/index.js:622:27)
    at async*pageBootstrap (webpack-internal:///(pages-dir-browser)/../../node_modules/next/dist/client/page-bootstrap.js:28:26)
    at  (webpack-internal:///(pages-dir-browser)/../../node_modules/next/dist/client/next-dev.js:24:45)
    at promise callback* (webpack-internal:///(pages-dir-browser)/../../node_modules/next/dist/client/next-dev.js:22:4)
    at (pages-dir-browser)/../../node_modules/next/dist/client/next-dev.js (http://localhost:3000/_next/static/chunks/fallback/main.js:314:1)
    at options.factory (http://localhost:3000/_next/static/chunks/fallback/webpack.js:667:31)
    at __webpack_require__ (http://localhost:3000/_next/static/chunks/fallback/webpack.js:29:33)
    at __webpack_exec__ (http://localhost:3000/_next/static/chunks/fallback/main.js:1612:67)
    at  (http://localhost:3000/_next/static/chunks/fallback/main.js:1613:53)
    at webpackJsonpCallback (http://localhost:3000/_next/static/chunks/fallback/webpack.js:1343:46)
    at  (http://localhost:3000/_next/static/chunks/fallback/main.js:9:61)
[   81963ms] [WARNING] [Fast Refresh] performing full reload because your application had an unrecoverable error @ webpack-internal:///(pages-dir-browser)/../../node_modules/next/dist/client/dev/hot-reloader/pages/hot-reloader-pages.js:338
[   82539ms] TypeError: Cannot read properties of null (reading 'useInsertionEffect')
    at getServerError (webpack-internal:///(pages-dir-browser)/../../node_modules/next/dist/server/dev/node-stack-frames.js:41:37)
    at hydrate/< (webpack-internal:///(pages-dir-browser)/../../node_modules/next/dist/client/index.js:644:27)
    at setTimeout handler*hydrate (webpack-internal:///(pages-dir-browser)/../../node_modules/next/dist/client/index.js:622:27)
    at async*pageBootstrap (webpack-internal:///(pages-dir-browser)/../../node_modules/next/dist/client/page-bootstrap.js:28:26)
    at  (webpack-internal:///(pages-dir-browser)/../../node_modules/next/dist/client/next-dev.js:24:45)
    at promise callback* (webpack-internal:///(pages-dir-browser)/../../node_modules/next/dist/client/next-dev.js:22:4)
    at (pages-dir-browser)/../../node_modules/next/dist/client/next-dev.js (http://localhost:3000/_next/static/chunks/fallback/main.js:314:1)
    at options.factory (http://localhost:3000/_next/static/chunks/fallback/webpack.js:667:31)
    at __webpack_require__ (http://localhost:3000/_next/static/chunks/fallback/webpack.js:29:33)
    at __webpack_exec__ (http://localhost:3000/_next/static/chunks/fallback/main.js:1612:67)
    at  (http://localhost:3000/_next/static/chunks/fallback/main.js:1613:53)
    at webpackJsonpCallback (http://localhost:3000/_next/static/chunks/fallback/webpack.js:1343:46)
    at  (http://localhost:3000/_next/static/chunks/fallback/main.js:9:61)
[   83078ms] [WARNING] [Fast Refresh] performing full reload because your application had an unrecoverable error @ webpack-internal:///(pages-dir-browser)/../../node_modules/next/dist/client/dev/hot-reloader/pages/hot-reloader-pages.js:338
[   83736ms] TypeError: Cannot read properties of null (reading 'useInsertionEffect')
    at getServerError (webpack-internal:///(pages-dir-browser)/../../node_modules/next/dist/server/dev/node-stack-frames.js:41:37)
    at hydrate/< (webpack-internal:///(pages-dir-browser)/../../node_modules/next/dist/client/index.js:644:27)
    at setTimeout handler*hydrate (webpack-internal:///(pages-dir-browser)/../../node_modules/next/dist/client/index.js:622:27)
    at async*pageBootstrap (webpack-internal:///(pages-dir-browser)/../../node_modules/next/dist/client/page-bootstrap.js:28:26)
    at  (webpack-internal:///(pages-dir-browser)/../../node_modules/next/dist/client/next-dev.js:24:45)
    at promise callback* (webpack-internal:///(pages-dir-browser)/../../node_modules/next/dist/client/next-dev.js:22:4)
    at (pages-dir-browser)/../../node_modules/next/dist/client/next-dev.js (http://localhost:3000/_next/static/chunks/fallback/main.js:314:1)
    at options.factory (http://localhost:3000/_next/static/chunks/fallback/webpack.js:667:31)
    at __webpack_require__ (http://localhost:3000/_next/static/chunks/fallback/webpack.js:29:33)
    at __webpack_exec__ (http://localhost:3000/_next/static/chunks/fallback/main.js:1612:67)
    at  (http://localhost:3000/_next/static/chunks/fallback/main.js:1613:53)
    at webpackJsonpCallback (http://localhost:3000/_next/static/chunks/fallback/webpack.js:1343:46)
    at  (http://localhost:3000/_next/static/chunks/fallback/main.js:9:61)
[   84206ms] [WARNING] [Fast Refresh] performing full reload because your application had an unrecoverable error @ webpack-internal:///(pages-dir-browser)/../../node_modules/next/dist/client/dev/hot-reloader/pages/hot-reloader-pages.js:338
[   84736ms] TypeError: Cannot read properties of null (reading 'useInsertionEffect')
    at getServerError (webpack-internal:///(pages-dir-browser)/../../node_modules/next/dist/server/dev/node-stack-frames.js:41:37)
    at hydrate/< (webpack-internal:///(pages-dir-browser)/../../node_modules/next/dist/client/index.js:644:27)
    at setTimeout handler*hydrate (webpack-internal:///(pages-dir-browser)/../../node_modules/next/dist/client/index.js:622:27)
    at async*pageBootstrap (webpack-internal:///(pages-dir-browser)/../../node_modules/next/dist/client/page-bootstrap.js:28:26)
    at  (webpack-internal:///(pages-dir-browser)/../../node_modules/next/dist/client/next-dev.js:24:45)
    at promise callback* (webpack-internal:///(pages-dir-browser)/../../node_modules/next/dist/client/next-dev.js:22:4)
    at (pages-dir-browser)/../../node_modules/next/dist/client/next-dev.js (http://localhost:3000/_next/static/chunks/fallback/main.js:314:1)
    at options.factory (http://localhost:3000/_next/static/chunks/fallback/webpack.js:667:31)
    at __webpack_require__ (http://localhost:3000/_next/static/chunks/fallback/webpack.js:29:33)
    at __webpack_exec__ (http://localhost:3000/_next/static/chunks/fallback/main.js:1612:67)
    at  (http://localhost:3000/_next/static/chunks/fallback/main.js:1613:53)
    at webpackJsonpCallback (http://localhost:3000/_next/static/chunks/fallback/webpack.js:1343:46)
    at  (http://localhost:3000/_next/static/chunks/fallback/main.js:9:61)
[   85164ms] [WARNING] [Fast Refresh] performing full reload because your application had an unrecoverable error @ webpack-internal:///(pages-dir-browser)/../../node_modules/next/dist/client/dev/hot-reloader/pages/hot-reloader-pages.js:338
[   85688ms] TypeError: Cannot read properties of null (reading 'useInsertionEffect')
    at getServerError (webpack-internal:///(pages-dir-browser)/../../node_modules/next/dist/server/dev/node-stack-frames.js:41:37)
    at hydrate/< (webpack-internal:///(pages-dir-browser)/../../node_modules/next/dist/client/index.js:644:27)
    at setTimeout handler*hydrate (webpack-internal:///(pages-dir-browser)/../../node_modules/next/dist/client/index.js:622:27)
    at async*pageBootstrap (webpack-internal:///(pages-dir-browser)/../../node_modules/next/dist/client/page-bootstrap.js:28:26)
    at  (webpack-internal:///(pages-dir-browser)/../../node_modules/next/dist/client/next-dev.js:24:45)
    at promise callback* (webpack-internal:///(pages-dir-browser)/../../node_modules/next/dist/client/next-dev.js:22:4)
    at (pages-dir-browser)/../../node_modules/next/dist/client/next-dev.js (http://localhost:3000/_next/static/chunks/fallback/main.js:314:1)
    at options.factory (http://localhost:3000/_next/static/chunks/fallback/webpack.js:667:31)
    at __webpack_require__ (http://localhost:3000/_next/static/chunks/fallback/webpack.js:29:33)
    at __webpack_exec__ (http://localhost:3000/_next/static/chunks/fallback/main.js:1612:67)
    at  (http://localhost:3000/_next/static/chunks/fallback/main.js:1613:53)
    at webpackJsonpCallback (http://localhost:3000/_next/static/chunks/fallback/webpack.js:1343:46)
    at  (http://localhost:3000/_next/static/chunks/fallback/main.js:9:61)
[   86147ms] [WARNING] [Fast Refresh] performing full reload because your application had an unrecoverable error @ webpack-internal:///(pages-dir-browser)/../../node_modules/next/dist/client/dev/hot-reloader/pages/hot-reloader-pages.js:338
[   86664ms] TypeError: Cannot read properties of null (reading 'useInsertionEffect')
    at getServerError (webpack-internal:///(pages-dir-browser)/../../node_modules/next/dist/server/dev/node-stack-frames.js:41:37)
    at hydrate/< (webpack-internal:///(pages-dir-browser)/../../node_modules/next/dist/client/index.js:644:27)
    at setTimeout handler*hydrate (webpack-internal:///(pages-dir-browser)/../../node_modules/next/dist/client/index.js:622:27)
    at async*pageBootstrap (webpack-internal:///(pages-dir-browser)/../../node_modules/next/dist/client/page-bootstrap.js:28:26)
    at  (webpack-internal:///(pages-dir-browser)/../../node_modules/next/dist/client/next-dev.js:24:45)
    at promise callback* (webpack-internal:///(pages-dir-browser)/../../node_modules/next/dist/client/next-dev.js:22:4)
    at (pages-dir-browser)/../../node_modules/next/dist/client/next-dev.js (http://localhost:3000/_next/static/chunks/fallback/main.js:314:1)
    at options.factory (http://localhost:3000/_next/static/chunks/fallback/webpack.js:667:31)
    at __webpack_require__ (http://localhost:3000/_next/static/chunks/fallback/webpack.js:29:33)
    at __webpack_exec__ (http://localhost:3000/_next/static/chunks/fallback/main.js:1612:67)
    at  (http://localhost:3000/_next/static/chunks/fallback/main.js:1613:53)
    at webpackJsonpCallback (http://localhost:3000/_next/static/chunks/fallback/webpack.js:1343:46)
    at  (http://localhost:3000/_next/static/chunks/fallback/main.js:9:61)
[   87094ms] [WARNING] [Fast Refresh] performing full reload because your application had an unrecoverable error @ webpack-internal:///(pages-dir-browser)/../../node_modules/next/dist/client/dev/hot-reloader/pages/hot-reloader-pages.js:338
[   87645ms] TypeError: Cannot read properties of null (reading 'useInsertionEffect')
    at getServerError (webpack-internal:///(pages-dir-browser)/../../node_modules/next/dist/server/dev/node-stack-frames.js:41:37)
    at hydrate/< (webpack-internal:///(pages-dir-browser)/../../node_modules/next/dist/client/index.js:644:27)
    at setTimeout handler*hydrate (webpack-internal:///(pages-dir-browser)/../../node_modules/next/dist/client/index.js:622:27)
    at async*pageBootstrap (webpack-internal:///(pages-dir-browser)/../../node_modules/next/dist/client/page-bootstrap.js:28:26)
    at  (webpack-internal:///(pages-dir-browser)/../../node_modules/next/dist/client/next-dev.js:24:45)
    at promise callback* (webpack-internal:///(pages-dir-browser)/../../node_modules/next/dist/client/next-dev.js:22:4)
    at (pages-dir-browser)/../../node_modules/next/dist/client/next-dev.js (http://localhost:3000/_next/static/chunks/fallback/main.js:314:1)
    at options.factory (http://localhost:3000/_next/static/chunks/fallback/webpack.js:667:31)
    at __webpack_require__ (http://localhost:3000/_next/static/chunks/fallback/webpack.js:29:33)
    at __webpack_exec__ (http://localhost:3000/_next/static/chunks/fallback/main.js:1612:67)
    at  (http://localhost:3000/_next/static/chunks/fallback/main.js:1613:53)
    at webpackJsonpCallback (http://localhost:3000/_next/static/chunks/fallback/webpack.js:1343:46)
    at  (http://localhost:3000/_next/static/chunks/fallback/main.js:9:61)
[   88091ms] [WARNING] [Fast Refresh] performing full reload because your application had an unrecoverable error @ webpack-internal:///(pages-dir-browser)/../../node_modules/next/dist/client/dev/hot-reloader/pages/hot-reloader-pages.js:338
[   88614ms] TypeError: Cannot read properties of null (reading 'useInsertionEffect')
    at getServerError (webpack-internal:///(pages-dir-browser)/../../node_modules/next/dist/server/dev/node-stack-frames.js:41:37)
    at hydrate/< (webpack-internal:///(pages-dir-browser)/../../node_modules/next/dist/client/index.js:644:27)
    at setTimeout handler*hydrate (webpack-internal:///(pages-dir-browser)/../../node_modules/next/dist/client/index.js:622:27)
    at async*pageBootstrap (webpack-internal:///(pages-dir-browser)/../../node_modules/next/dist/client/page-bootstrap.js:28:26)
    at  (webpack-internal:///(pages-dir-browser)/../../node_modules/next/dist/client/next-dev.js:24:45)
    at promise callback* (webpack-internal:///(pages-dir-browser)/../../node_modules/next/dist/client/next-dev.js:22:4)
    at (pages-dir-browser)/../../node_modules/next/dist/client/next-dev.js (http://localhost:3000/_next/static/chunks/fallback/main.js:314:1)
    at options.factory (http://localhost:3000/_next/static/chunks/fallback/webpack.js:667:31)
    at __webpack_require__ (http://localhost:3000/_next/static/chunks/fallback/webpack.js:29:33)
    at __webpack_exec__ (http://localhost:3000/_next/static/chunks/fallback/main.js:1612:67)
    at  (http://localhost:3000/_next/static/chunks/fallback/main.js:1613:53)
    at webpackJsonpCallback (http://localhost:3000/_next/static/chunks/fallback/webpack.js:1343:46)
    at  (http://localhost:3000/_next/static/chunks/fallback/main.js:9:61)
[   89043ms] [WARNING] [Fast Refresh] performing full reload because your application had an unrecoverable error @ webpack-internal:///(pages-dir-browser)/../../node_modules/next/dist/client/dev/hot-reloader/pages/hot-reloader-pages.js:338
[   89262ms] [WARNING] [JavaScript Warning: "“localhost” has been classified as a bounce tracker. If it does not receive user activation within the next 3,600 seconds it will have its state purged."] @ :0
